Letter,Gene_ID,Gene_Name,GO_ID,GO_Namespace,GO_Name,GOF,a,b,c,d,Pvalue,Adjusted_Pvalue,Enrichment_Score,GO_Level,GO_Children,GSEA_MSigDB,NCBI_Entrez
V,7431,VIM,GO:0005819,cellular_component,spindle,,115,83,173,2241,1.175441656359995e-66,1.175441656359995e-66,151.80897218288206,5,2,0,0
P,5747,PTK2,GO:0005925,cellular_component,focal adhesion,,18,0,4,2590,1.5507235989503256e-42,1.5507235989503256e-42,96.26985224572127,5,1,0,3
Z,100128252,ZNF667-AS1,GO:0006306,biological_process,DNA methylation,,25,5,26,2556,2.2052891632432825e-41,2.2052891632432825e-41,93.61513017266226,4,4,0,0
E,1956,EGFR,GO:0040007,biological_process,growth,,80,29,418,2085,1.3807889250675006e-36,1.3807889250675006e-36,82.57040832713453,1,10,1,0
V,7422,VEGFA,GO:0040007,biological_process,growth,,76,27,422,2087,5.312774244835068e-35,5.312774244835068e-35,78.92036409931627,1,10,1,0
V,7431,VIM,GO:0016020,cellular_component,membrane,,67,131,118,2296,2.858144831376477e-32,3.0169306553418365e-32,72.57848300053645,2,16,0,0
M,4292,MLH1,GO:0032259,biological_process,methylation,,33,26,77,2476,4.277894428616031e-32,4.277894428616031e-32,72.22926204319661,2,1,0,0
A,308,ANXA5,GO:0005488,molecular_function,binding,,24,0,137,2451,1.655260618078431e-30,1.655260618078431e-30,68.57359432023077,1,52,0,0
E,4072,EPCAM,GO:0007155,biological_process,cell adhesion,,22,22,26,2542,3.836452083239524e-29,3.836452083239524e-29,65.43041969397663,2,7,0,0
D,117159,DCD,GO:0006508,biological_process,proteolysis,,12,0,6,2594,9.043162674597178e-29,9.043162674597178e-29,64.57295873022302,4,6,1,0
M,4582,MUC1,GO:0016020,cellular_component,membrane,,36,23,149,2404,5.090573748261503e-28,5.090573748261503e-28,62.84499205894328,2,16,0,0
V,7422,VEGFA,GO:0001525,biological_process,angiogenesis,,30,73,40,2469,1.4679400586279238e-25,1.549492284107253e-25,57.126700006219515,3,5,0,2
A,207,AKT1,GO:0023052,biological_process,signaling,,38,24,228,2322,1.7964517576722306e-23,1.7964517576722306e-23,52.373643665160536,1,6,0,0
E,2064,ERBB2,GO:0040007,biological_process,growth,,83,76,415,2038,2.278835155689053e-22,2.278835155689053e-22,49.83320763008241,1,10,1,0
S,6317,SERPINB3,GO:0005819,cellular_component,spindle,,25,3,263,2321,1.0617420307638872e-21,1.0617420307638872e-21,48.29437596844758,5,2,0,0
C,29126,CD274,GO:0012501,biological_process,programmed cell death,,12,21,4,2575,3.052942352255721e-21,3.052942352255721e-21,47.23818112162748,3,10,0,0
D,1674,DES,GO:0016020,cellular_component,membrane,,31,35,154,2392,1.4903736437586704e-19,1.4903736437586704e-19,43.35008991074318,2,16,0,0
M,4292,MLH1,GO:0006298,biological_process,mismatch repair,,20,39,47,2506,9.79229520485598e-19,9.95826631002303e-19,41.45071377570021,6,2,1,1
T,8626,TP63,GO:0005819,cellular_component,spindle,,25,10,263,2314,2.893157839412518e-17,2.893157839412518e-17,38.081597997315114,5,2,0,0
A,8289,ARID1A,GO:0006338,biological_process,chromatin remodeling,,9,17,3,2583,4.3905999469560184e-17,4.3905999469560184e-17,37.664480700972355,5,6,1,1
S,6521,SLC4A1,GO:0016020,cellular_component,membrane,,27,31,158,2396,5.560980049632543e-17,5.560980049632543e-17,37.428172220250126,2,16,0,0
T,7157,TP53,GO:0006298,biological_process,mismatch repair,,27,130,40,2415,6.358560912576048e-17,6.358560912576048e-17,37.29414450075757,6,2,0,0
T,8805,TRIM24,GO:0000785,cellular_component,chromatin,,12,28,12,2560,6.526735670049457e-17,6.526735670049457e-17,37.26803965998985,2,5,1,0
S,6508,SLC4A3,GO:0016020,cellular_component,membrane,,26,29,159,2398,1.3754309374949855e-16,1.3754309374949855e-16,36.5225943968013,2,16,0,1
M,100126306,MIR888,GO:0007283,biological_process,spermatogenesis,,8,20,1,2583,5.22586499469999e-16,5.22586499469999e-16,35.18774115453074,3,1,0,0
C,1499,CTNNB1,GO:0051179,biological_process,localization,,19,52,46,2495,6.801894751849272e-16,6.801894751849272e-16,34.92416027455774,1,10,0,0
P,54984,PINX1,GO:0003720,molecular_function,telomerase activity,,9,20,5,2578,1.25902795598803e-15,1.25902795598803e-15,34.308436435179964,5,1,0,0
M,2956,MSH6,GO:0006298,biological_process,mismatch repair,,12,8,55,2537,3.1425060346211864e-15,3.1425060346211864e-15,33.3937558131053,6,2,1,1
K,3855,KRT7,GO:0016020,cellular_component,membrane,,21,19,164,2408,9.544643266021744e-15,9.544643266021744e-15,32.282796312342164,2,16,0,0
S,6521,SLC4A1,GO:0005819,cellular_component,spindle,,30,28,258,2296,7.72274237510452e-15,9.653427968880649e-15,32.27146331270319,5,2,0,0
D,1674,DES,GO:0005819,cellular_component,spindle,,32,34,256,2290,1.0187703192192993e-14,1.1643089362506278e-14,32.08406357867215,5,2,0,0
D,1769,DNAH8,GO:0016887,molecular_function,ATPase,,5,0,2,2605,2.080646608409985e-14,2.080646608409985e-14,31.503512587085424,1,16,0,0
M,5600,MAPK11,GO:0032259,biological_process,methylation,,14,12,96,2490,1.5270092019568202e-13,1.5270092019568202e-13,29.510295156537378,2,1,0,0
M,4436,MSH2,GO:0006298,biological_process,mismatch repair,,11,9,56,2536,1.904402923395993e-13,1.9044029233959929e-13,29.289437675510985,6,2,1,1
M,4321,MMP12,GO:1905517,biological_process,macrophage migration,,5,2,2,2603,4.363772096689767e-13,4.363772096689767e-13,28.460269365805434,4,2,0,0
M,4318,MMP9,GO:0005488,molecular_function,binding,,16,13,145,2438,7.070699251908736e-13,7.070699251908736e-13,27.977646829815868,1,52,0,0
P,5133,PDCD1,GO:0006955,biological_process,immune response,,7,12,7,2586,1.029671476217049e-12,1.029671476217049e-12,27.60178131969309,2,9,0,0
S,6508,SLC4A3,GO:0005819,cellular_component,spindle,,27,28,261,2296,9.784168598111775e-13,1.174100231773413e-12,27.470519021869364,5,2,0,0
M,2475,MTOR,GO:0023052,biological_process,signaling,,24,24,242,2322,1.9818473631032984e-12,1.9818473631032984e-12,26.946991694538614,1,6,0,0
I,3630,INS,GO:0030073,biological_process,insulin secretion,,6,45,0,2561,4.1066712552068867e-11,4.1066712552068867e-11,23.915823236158523,5,1,0,0
P,5395,PMS2,GO:0006298,biological_process,mismatch repair,,10,13,57,2532,5.454085331577938e-11,5.454085331577938e-11,23.63207109294631,6,2,1,1
S,79811,SLTM,GO:0000785,cellular_component,chromatin,,6,5,18,2583,1.3764603627431105e-10,1.3764603627431105e-10,22.706335680436982,2,5,0,0
S,6271,S100A1,GO:0016020,cellular_component,membrane,,16,18,169,2409,1.5192592523904714e-10,1.5192592523904714e-10,22.607628047821695,2,16,0,0
A,174,AFP,GO:0060417,cellular_component,yolk,,6,22,4,2580,1.7523900822874108e-10,1.7523900822874108e-10,22.4648703125016,2,1,0,0
B,675,BRCA2,GO:0035825,biological_process,homologous recombination,,5,8,5,2594,3.172453246796263e-10,3.172453246796263e-10,21.871345746465096,6,2,0,0
C,1499,CTNNB1,GO:0016055,biological_process,Wnt signaling pathway,,6,65,0,2541,3.2658022305654824e-10,3.414247786500277e-10,21.79789372867641,5,17,0,0
C,842,CASP9,GO:0008219,biological_process,cell death,,5,2,16,2589,4.1907065208492024e-10,4.1907065208492024e-10,21.592981589493554,2,4,0,0
B,672,BRCA1,GO:0035825,biological_process,homologous recombination,,6,27,4,2575,5.117753627282995e-10,5.117753627282995e-10,21.393135331836934,6,2,0,0
P,5133,PDCD1,GO:0012501,biological_process,programmed cell death,,6,13,10,2583,4.746405935212348e-10,5.537473591081073e-10,21.314312563685572,3,10,0,0
E,2064,ERBB2,GO:0000279,biological_process,M phase,,7,152,0,2453,2.7308927934622985e-09,2.82506151047824e-09,19.68473569896443,3,2,0,0
M,4582,MUC1,GO:0005819,cellular_component,spindle,,24,35,264,2289,2.5096095712205657e-09,2.868125224252075e-09,19.66960725259176,5,2,0,0
B,672,BRCA1,GO:0032259,biological_process,methylation,,12,21,98,2481,2.887055829187692e-09,2.9415285806817996e-09,19.64433646530823,2,1,1,0
T,123036,TC2N,GO:0032259,biological_process,methylation,,11,16,99,2486,3.32370336628995e-09,3.32370336628995e-09,19.522186203920306,2,1,0,0
L,3991,LIPE,GO:0010467,biological_process,gene expression,,6,0,108,2498,6.081353237414037e-09,6.081353237414037e-09,18.918038593790698,4,4,0,0
A,9370,ADIPOQ,GO:0010467,biological_process,gene expression,,6,0,108,2498,6.081353237414037e-09,6.081353237414037e-09,18.918038593790698,4,4,0,0
N,4853,NOTCH2,GO:0007219,biological_process,Notch signaling pathway,,4,10,2,2596,7.712109969810254e-09,7.712109969810254e-09,18.680474020169,4,8,1,2
T,7015,TERT,GO:0003720,molecular_function,telomerase activity,,5,11,9,2587,8.393545484259398e-09,8.393545484259398e-09,18.595802821194713,5,1,1,3
T,7040,TGFB1,GO:0023052,biological_process,signaling,,22,35,244,2311,8.470982926667803e-09,8.470982926667803e-09,18.58661928700277,1,6,0,0
M,4609,MYC,GO:0007049,biological_process,cell cycle,,10,18,78,2506,8.99267245107393e-09,8.99267245107393e-09,18.526855763331202,2,2,1,0
I,3559,IL2RA,GO:0001775,biological_process,cell activation,,3,1,2,2606,1.34753771142489e-08,1.34753771142489e-08,18.122401734327827,2,14,1,0
G,2262,GPC5,GO:0005694,cellular_component,chromosome,,6,3,61,2542,1.7987735657193716e-08,1.7987735657193716e-08,17.833575663654397,5,6,0,0
V,7422,VEGFA,GO:1905517,biological_process,macrophage migration,,6,97,1,2508,2.2094952859452824e-08,2.469435907821198e-08,17.516690996794892,4,2,0,0
C,1364,CLDN4,GO:0070160,cellular_component,tight junction,,3,6,0,2603,2.8314570918927368e-08,2.8314570918927368e-08,17.37988929133875,5,3,1,1
T,7040,TGFB1,GO:0007165,biological_process,signal transduction,,7,50,10,2545,2.6585585876408236e-08,2.848455629615168e-08,17.373903780889744,2,41,0,0
A,174,AFP,GO:0005737,cellular_component,cytoplasm,,7,21,27,2557,3.220916445727107e-08,3.5787960508078965e-08,17.145654298757844,2,5,0,1
L,3952,LEP,GO:0010467,biological_process,gene expression,,6,1,108,2497,4.10573019411539e-08,4.10573019411539e-08,17.00829713766675,4,4,0,0
B,672,BRCA1,GO:0006281,biological_process,DNA repair,,6,27,12,2567,4.212162023288055e-08,4.37416825495298e-08,16.94496435537019,5,15,1,0
P,9468,PCYT1B,GO:0005488,molecular_function,binding,,6,0,155,2451,5.0197382478817507e-08,5.0197382478817507e-08,16.807302953464387,1,52,0,0
T,8805,TRIM24,GO:0010467,biological_process,gene expression,,12,28,102,2470,5.342164548939353e-08,5.753100283473149e-08,16.67094185471381,4,4,0,0
M,4311,MME,GO:0005819,cellular_component,spindle,,12,7,276,2317,6.430768955519882e-08,6.430768955519882e-08,16.55958662412518,5,2,0,0
P,54984,PINX1,GO:0007059,biological_process,chromosome segregation,,4,25,1,2582,6.090110880933582e-08,6.643757324654816e-08,16.527003078356827,2,1,1,0
A,8289,ARID1A,GO:0000785,cellular_component,chromatin,,6,20,18,2568,6.273399992704168e-08,6.75596922291218e-08,16.510254300536403,2,5,1,1
C,947,CD34,GO:0016020,cellular_component,membrane,,11,12,174,2415,1.0743215629562954e-07,1.0743215629562955e-07,16.046406292835496,2,16,0,0
S,6271,S100A1,GO:0005819,cellular_component,spindle,,16,18,272,2306,1.1125999110575223e-07,1.3351198932690268e-07,15.829074555446422,5,2,0,0
N,10135,NAMPT,GO:0010467,biological_process,gene expression,,5,0,109,2498,1.454503476138216e-07,1.454503476138216e-07,15.743431062088348,4,4,0,0
C,1026,CDKN1A,GO:0007049,biological_process,cell cycle,,5,1,83,2523,2.2670948293772955e-07,2.2670948293772955e-07,15.299596449969329,2,2,1,0
M,4313,MMP2,GO:0031012,cellular_component,extracellular matrix,,4,9,9,2590,2.576998650109945e-07,2.576998650109945e-07,15.171470243110525,3,8,1,0
S,6855,SYP,GO:0016020,cellular_component,membrane,,9,7,176,2420,2.7522862904459524e-07,2.7522862904459524e-07,15.105663706339405,2,16,0,0
C,847,CAT,GO:0004096,molecular_function,catalase activity,,2,0,0,2610,2.932580559442757e-07,2.932580559442757e-07,15.042212878539427,3,1,0,3
M,4321,MMP12,GO:0001525,biological_process,angiogenesis,,5,2,65,2540,2.414667231501065e-07,3.2195563086680866e-07,14.948852093235343,3,5,0,0
N,4854,NOTCH3,GO:0007219,biological_process,Notch signaling pathway,,3,5,3,2601,3.759017111279961e-07,3.759017111279961e-07,14.79393813430365,4,8,1,1
M,4162,MCAM,GO:0009986,cellular_component,cell surface,,3,0,18,2591,4.4831403954858974e-07,4.483140395485898e-07,14.617771868968703,2,1,1,0
C,920,CD4,GO:0001775,biological_process,cell activation,,3,8,2,2599,5.536236927925485e-07,5.536236927925485e-07,14.406780635884344,2,14,1,0
E,2026,ENO2,GO:0016020,cellular_component,membrane,,9,8,176,2419,5.493525927053071e-07,6.866907408816339e-07,14.191381804909105,2,16,0,1
M,406957,MIR181C,GO:0032259,biological_process,methylation,,5,1,105,2501,7.031612759215664e-07,7.031612759215664e-07,14.167679560462686,2,1,0,0
M,4255,MGMT,GO:0006281,biological_process,DNA repair,,4,8,14,2586,7.562811303417055e-07,7.562811303417055e-07,14.094852664360372,5,15,1,1
K,54474,KRT20,GO:0016020,cellular_component,membrane,,7,3,178,2424,8.015153460905012e-07,8.015153460905012e-07,14.03676171836706,2,16,0,0
B,675,BRCA2,GO:0006281,biological_process,DNA repair,,4,9,14,2585,1.0877095568610402e-06,1.1090371952308646e-06,13.712018310725778,5,15,1,0
C,4267,CD99,GO:0016020,cellular_component,membrane,,8,6,177,2421,1.134925681955437e-06,1.134925681955437e-06,13.688943387628075,2,16,0,0
R,5970,RELA,GO:0005488,molecular_function,binding,,6,2,155,2449,1.265922243209592e-06,1.265922243209592e-06,13.579709655394256,1,52,0,0
S,6659,SOX4,GO:0005488,molecular_function,binding,,6,2,155,2449,1.265922243209592e-06,1.265922243209592e-06,13.579709655394256,1,52,0,0
C,1108,CHD4,GO:0006338,biological_process,chromatin remodeling,,3,3,9,2597,1.4716608553830046e-06,1.4716608553830046e-06,13.429118961361377,5,6,1,1
L,4000,LMNA,GO:0040007,biological_process,growth,,8,0,490,2114,1.6678910640737515e-06,1.6678910640737515e-06,13.303950565468767,1,10,0,0
C,1604,CD55,GO:0016020,cellular_component,membrane,,5,0,180,2427,1.6942924909771005e-06,1.6942924909771005e-06,13.288245313724474,2,16,0,0
T,7046,TGFBR1,GO:0007049,biological_process,cell cycle,,6,7,82,2517,1.75143940281658e-06,1.75143940281658e-06,13.25507259221449,2,2,1,0
M,406985,MIR200C,GO:0040007,biological_process,growth,,12,4,486,2110,1.768498326839489e-06,1.768498326839489e-06,13.24537977439152,1,10,0,0
I,3481,IGF2,GO:0040007,biological_process,growth,,12,4,486,2110,1.768498326839489e-06,1.768498326839489e-06,13.24537977439152,1,10,1,0
M,4322,MMP13,GO:0031012,cellular_component,extracellular matrix,,3,3,10,2596,1.911505499832727e-06,1.911505499832727e-06,13.167619406580116,3,8,1,0
I,3479,IGF1,GO:0040007,biological_process,growth,,11,3,487,2111,2.28950162315424e-06,2.28950162315424e-06,12.98717639589374,1,10,1,0
S,6606,SMN1,GO:0005819,cellular_component,spindle,,9,5,279,2319,2.5970083742532607e-06,2.5970083742532607e-06,12.861150400701545,5,2,0,0
C,1029,CDKN2A,GO:0090398,biological_process,cellular senescence,,3,34,0,2575,2.6190978100007873e-06,2.6190978100007873e-06,12.852680646820367,4,2,1,1
M,9968,MED12,GO:0016592,cellular_component,mediator complex,,2,1,1,2608,2.638648347062831e-06,2.638648347062831e-06,12.845243761666483,3,1,1,2
P,5395,PMS2,GO:0032259,biological_process,methylation,,8,15,102,2487,2.2216570184140606e-06,2.777071273017576e-06,12.794113684496304,2,1,0,0
N,4851,NOTCH1,GO:0023052,biological_process,signaling,,9,6,257,2340,2.986020899093819e-06,2.986020899093819e-06,12.721568859845037,1,6,0,0
N,4851,NOTCH1,GO:0007219,biological_process,Notch signaling pathway,,3,12,3,2594,3.0357748379251966e-06,3.269295979304058e-06,12.630935893083718,4,8,1,1
T,7015,TERT,GO:0000723,biological_process,telomere maintenance,,3,13,3,2593,3.733106393149802e-06,4.147895992388669e-06,12.392909342070308,5,8,0,1
M,4654,MYOD1,GO:0045445,biological_process,myoblast differentiation,,2,4,0,2606,4.398870839164107e-06,4.398870839164107e-06,12.334162677437224,4,2,1,0
P,5346,PLIN1,GO:0005811,cellular_component,lipid droplet,,2,4,0,2606,4.398870839164107e-06,4.398870839164107e-06,12.334162677437224,5,2,1,1
C,925,CD8A,GO:0001775,biological_process,cell activation,,3,18,2,2589,4.436866273961122e-06,4.7781636796504395e-06,12.251454252709271,2,14,1,0
C,1084,CEACAM3,GO:0016020,cellular_component,membrane,,9,12,176,2415,5.1714034632096895e-06,5.1714034632096895e-06,12.172366443380096,2,16,0,0
C,999,CDH1,GO:0098609,biological_process,cell-cell adhesion,,4,44,4,2560,6.666772471673543e-06,6.666772471673543e-06,11.9183747024533,3,20,0,2
P,5290,PIK3CA,GO:0023052,biological_process,signaling,,12,16,254,2330,6.675144363107015e-06,6.675144363107015e-06,11.917119726480069,1,6,0,0
T,7124,TNF,GO:0040007,biological_process,growth,,13,7,485,2107,7.94530592857919e-06,7.94530592857919e-06,11.742929252917152,1,10,0,0
M,4318,MMP9,GO:0031012,cellular_component,extracellular matrix,,4,25,9,2574,8.188706715786664e-06,8.619691279775435e-06,11.661461288341226,3,8,1,0
K,3855,KRT7,GO:0005819,cellular_component,spindle,,15,25,273,2299,9.383925603561892e-06,1.1260710724274271e-05,11.394190817859748,5,2,0,0
C,1401,CRP,GO:0006954,biological_process,inflammatory response,,2,1,4,2605,1.318312938854127e-05,1.318312938854127e-05,11.236572622434112,4,5,1,1
P,5518,PPP2R1A,GO:0016791,molecular_function,phosphatase activity,,2,5,1,2604,1.8451662048887104e-05,1.8451662048887104e-05,10.900356107584534,5,69,1,0
P,5159,PDGFRB,GO:0001525,biological_process,angiogenesis,,5,9,65,2533,1.9877631110830777e-05,1.9877631110830777e-05,10.825915523250844,3,5,0,1
C,1029,CDKN2A,GO:0007049,biological_process,cell cycle,,8,29,80,2495,2.091857430613557e-05,2.1723134856371555e-05,10.737132742909322,2,2,1,0
F,2324,FLT4,GO:0001946,biological_process,lymphangiogenesis,,2,4,2,2604,2.6339315774810817e-05,2.6339315774810817e-05,10.544447838645201,3,1,1,1
M,4656,MYOG,GO:0045445,biological_process,myoblast differentiation,,2,12,0,2598,2.6686483090929034e-05,2.6686483090929034e-05,10.53135337202258,4,2,1,0
M,100126306,MIR888,GO:0005488,molecular_function,binding,,9,19,152,2432,2.5740913495910826e-05,2.860101499545647e-05,10.462068351416574,1,52,0,0
K,3791,KDR,GO:0001525,biological_process,angiogenesis,,5,10,65,2532,2.91985693729383e-05,2.91985693729383e-05,10.441390843967742,3,5,0,1
F,2335,FN1,GO:0007155,biological_process,cell adhesion,,4,7,44,2557,3.0175169129301142e-05,3.0175169129301142e-05,10.408491186048543,2,7,0,1
N,7080,NKX2-1,GO:0005819,cellular_component,spindle,,8,6,280,2318,3.2953000292273666e-05,3.2953000292273666e-05,10.320428245249907,5,2,0,0
A,57492,ARID1B,GO:0000785,cellular_component,chromatin,,3,5,21,2583,3.7066655528820246e-05,3.7066655528820246e-05,10.202792765297415,2,5,1,0
P,5159,PDGFRB,GO:0040007,biological_process,growth,,10,4,488,2110,2.7990553949589664e-05,3.732073859945289e-05,10.195961391198846,1,10,1,0
C,968,CD68,GO:0016020,cellular_component,membrane,,6,5,179,2422,3.99269861715715e-05,3.99269861715715e-05,10.128458117534594,2,16,0,1
K,3880,KRT19,GO:0016020,cellular_component,membrane,,6,5,179,2422,3.99269861715715e-05,3.99269861715715e-05,10.128458117534594,2,16,0,0
E,1950,EGF,GO:0040007,biological_process,growth,,6,0,492,2114,4.68708927952043e-05,4.68708927952043e-05,9.968113697881563,1,10,0,0
C,114336,CGB2,GO:0010467,biological_process,gene expression,,5,6,109,2492,5.433949143395233e-05,5.433949143395233e-05,9.820259312972835,4,4,0,0
N,4855,NOTCH4,GO:0007219,biological_process,Notch signaling pathway,,2,4,4,2602,6.571374870054698e-05,6.571374870054698e-05,9.630202389518036,4,8,1,0
T,10381,TUBB3,GO:0005874,cellular_component,microtubule,,2,2,9,2599,9.633072682924884e-05,9.633072682924884e-05,9.247723216021829,6,7,1,1
C,920,CD4,GO:0042110,biological_process,T cell activation,,2,9,2,2599,9.63307268294005e-05,0.00011009225923360058,9.11419182339573,4,6,1,1
I,3383,ICAM1,GO:0007155,biological_process,cell adhesion,,3,3,45,2561,0.00011213780362730012,0.00011213780362730012,9.095782053448605,2,7,0,1
F,3170,FOXA2,GO:0003677,molecular_function,DNA binding,,2,4,6,2600,0.00012241495483927275,0.00012241495483927275,9.008094015290006,4,15,0,1
I,3458,IFNG,GO:0006954,biological_process,inflammatory response,,2,6,4,2600,0.00012241495483930002,0.00012241495483930002,9.008094015289783,4,5,1,0
I,3569,IL6,GO:0006954,biological_process,inflammatory response,,2,6,4,2600,0.00012241495483930002,0.00012241495483930002,9.008094015289783,4,5,1,1
C,595,CCND1,GO:0007049,biological_process,cell cycle,,5,11,83,2513,0.00012621945108401883,0.00012621945108401883,8.977488490700392,2,2,1,0
C,966,CD59,GO:0016020,cellular_component,membrane,,6,7,179,2420,0.0001314432318842527,0.0001314432318842527,8.936935496251998,2,16,0,1
P,142,PARP1,GO:0006281,biological_process,DNA repair,,3,12,15,2582,0.00011882548110671355,0.00013367866624505276,8.920071650948238,5,15,1,1
V,7428,VHL,GO:0006508,biological_process,proteolysis,,2,1,16,2593,0.00013405533601499434,0.00013405533601499434,8.917257887920172,4,6,1,1
B,675,BRCA2,GO:0006302,biological_process,double-strand break repair,,2,11,2,2597,0.00013647464372389803,0.00014193362947285395,8.860151007706037,6,5,0,1
N,4790,NFKB1,GO:0005488,molecular_function,binding,,7,14,154,2437,0.0001655114836839933,0.0001655114836839933,8.70646997773569,1,52,0,0
K,3875,KRT18,GO:0016020,cellular_component,membrane,,5,4,180,2423,0.00016851700931088274,0.00016851700931088274,8.68847386780133,2,16,0,0
T,7157,TP53,GO:0007049,biological_process,cell cycle,,15,142,73,2382,0.0001690272406131292,0.00017122239958213087,8.672547264134595,2,2,1,0
K,3815,KIT,GO:0040007,biological_process,growth,,16,18,482,2096,0.0001765125457248244,0.0001765125457248244,8.642118603523123,1,10,0,0
V,7412,VCAM1,GO:0009986,cellular_component,cell surface,,2,1,19,2590,0.00018385594716613255,0.00018385594716613255,8.601358002814516,2,1,1,2
K,22914,KLRK1,GO:0009986,cellular_component,cell surface,,2,1,19,2590,0.00018385594716613255,0.00018385594716613255,8.601358002814516,2,1,1,2
K,3852,KRT5,GO:0005819,cellular_component,spindle,,8,9,280,2315,0.00019781241096927167,0.00019781241096927167,8.528191395702232,5,2,0,0
C,977,CD151,GO:0016477,biological_process,cell migration,,3,13,17,2579,0.00020191523957276307,0.00020191523957276304,8.507662554697763,3,34,0,1
V,7414,VCL,GO:0005925,cellular_component,focal adhesion,,2,1,20,2589,0.00020218963183657405,0.00020218963183657405,8.506304529465233,5,1,0,1
N,4684,NCAM1,GO:0016020,cellular_component,membrane,,6,8,179,2419,0.00021657986822533692,0.00021657986822533692,8.437551172198352,2,16,0,1
P,5156,PDGFRA,GO:0040007,biological_process,growth,,7,2,491,2112,0.00022227447240731507,0.00022227447240731507,8.41159757756324,1,10,0,0
I,3620,IDO1,GO:0006954,biological_process,inflammatory response,,2,8,4,2598,0.00019633608998566123,0.00023560330798279346,8.353361065611416,4,5,1,0
N,4853,NOTCH2,GO:0023052,biological_process,signaling,,7,7,259,2339,0.00019239840400856611,0.00024049800501070763,8.332798763626636,1,6,0,0
P,5241,PGR,GO:0005488,molecular_function,binding,,8,21,153,2430,0.00024671010331338625,0.00024671010331338625,8.307296581423259,1,52,0,0
H,3082,HGF,GO:0040007,biological_process,growth,,5,0,493,2114,0.00024785480226597104,0.00024785480226597104,8.302667457990538,1,10,0,0
T,7013,TERF1,GO:0003720,molecular_function,telomerase activity,,2,3,12,2595,0.00026441865314447225,0.00026441865314447225,8.237976903517291,5,1,1,1
V,7422,VEGFA,GO:0035148,biological_process,tube formation,,3,100,1,2508,0.00023159583310668105,0.00027502005181418375,8.198666547267981,3,5,1,1
F,2244,FGB,GO:0050817,biological_process,coagulation,,2,5,7,2598,0.00021972789702144906,0.0003295918455321736,8.017655500732054,2,2,1,0
T,7040,TGFB1,GO:0001837,biological_process,epithelial to mesenchymal transition,,4,53,12,2543,0.0003053185195857667,0.00035229059952203857,7.9510541561350525,5,5,1,1
R,200916,RPL22L1,GO:0002181,biological_process,cytoplasmic translation,,1,0,0,2611,0.0003828483920374634,0.0003828483920374634,7.867871490394467,6,1,1,1
G,2734,GLG1,GO:0005794,cellular_component,Golgi apparatus,,1,0,0,2611,0.0003828483920374634,0.0003828483920374634,7.867871490394467,5,1,1,0
H,113802,HENMT1,GO:0034587,biological_process,piRNA metabolic process,,1,0,0,2611,0.0003828483920374634,0.0003828483920374634,7.867871490394467,7,2,1,1
M,4438,MSH4,GO:0045143,biological_process,homologous chromosome segregation,,1,0,0,2611,0.0003828483920374634,0.0003828483920374634,7.867871490394467,4,1,1,0
M,4438,MSH4,GO:0007131,biological_process,reciprocal meiotic recombination,,1,0,0,2611,0.0003828483920374634,0.0003828483920374634,7.867871490394467,3,1,0,1
S,60682,SMAP1,GO:2000369,biological_process,regulation of clathrin-dependent endocytosis,,1,0,0,2611,0.0003828483920374634,0.0003828483920374634,7.867871490394467,7,2,0,1
S,57477,SHROOM4,GO:0030036,biological_process,actin cytoskeleton organization,,1,0,0,2611,0.0003828483920374634,0.0003828483920374634,7.867871490394467,3,11,0,1
S,57477,SHROOM4,GO:0007015,biological_process,actin filament organization,,1,0,0,2611,0.0003828483920374634,0.0003828483920374634,7.867871490394467,5,12,1,1
G,2773,GNAI3,GO:0005794,cellular_component,Golgi apparatus,,1,0,0,2611,0.0003828483920374634,0.0003828483920374634,7.867871490394467,5,1,1,0
M,4438,MSH4,GO:0006974,biological_process,cellular response to DNA damage stimulus,,1,0,0,2611,0.0003828483920374634,0.0003828483920374634,7.867871490394467,4,9,1,0
I,3674,ITGA2B,GO:0070527,biological_process,platelet aggregation,,1,0,0,2611,0.0003828483920374634,0.0003828483920374634,7.867871490394467,5,1,1,0
S,60682,SMAP1,GO:0043547,biological_process,positive regulation of GTPase activity,,1,0,0,2611,0.0003828483920374634,0.0003828483920374634,7.867871490394467,6,2,1,0
H,113802,HENMT1,GO:0001510,biological_process,RNA methylation,,1,0,0,2611,0.0003828483920374634,0.0003828483920374634,7.867871490394467,4,8,1,1
H,3098,HK1,GO:0004396,molecular_function,hexokinase activity,,1,0,0,2611,0.0003828483920374634,0.0003828483920374634,7.867871490394467,5,3,1,1
H,3067,HDC,GO:0004398,molecular_function,histidine decarboxylase activity,,1,0,0,2611,0.0003828483920374634,0.0003828483920374634,7.867871490394467,5,1,0,1
E,9852,EPM2AIP1,GO:0005978,biological_process,glycogen biosynthetic process,,1,0,0,2611,0.0003828483920374634,0.0003828483920374634,7.867871490394467,7,1,1,0
M,4622,MYH4,GO:0030049,biological_process,muscle filament sliding,,1,0,0,2611,0.0003828483920374634,0.0003828483920374634,7.867871490394467,6,1,1,1
T,7014,TERF2,GO:0070187,cellular_component,shelterin complex,,1,0,0,2611,0.0003828483920374634,0.0003828483920374634,7.867871490394467,4,1,1,1
T,54386,TERF2IP,GO:0070187,cellular_component,shelterin complex,,1,0,0,2611,0.0003828483920374634,0.0003828483920374634,7.867871490394467,4,1,1,3
T,26277,TINF2,GO:0070187,cellular_component,shelterin complex,,1,0,0,2611,0.0003828483920374634,0.0003828483920374634,7.867871490394467,4,1,1,1
P,25913,POT1,GO:0070187,cellular_component,shelterin complex,,1,0,0,2611,0.0003828483920374634,0.0003828483920374634,7.867871490394467,4,1,1,1
I,55174,INTS10,GO:0032039,cellular_component,integrator complex,,1,0,0,2611,0.0003828483920374634,0.0003828483920374634,7.867871490394467,3,1,1,1
N,378884,NHLRC1,GO:1903076,biological_process,regulation of protein localization to plasma membrane,,1,0,0,2611,0.0003828483920374634,0.0003828483920374634,7.867871490394467,7,5,1,0
N,378884,NHLRC1,GO:0034976,biological_process,response to endoplasmic reticulum stress,,1,0,0,2611,0.0003828483920374634,0.0003828483920374634,7.867871490394467,4,9,1,0
C,1017,CDK2,GO:0000278,biological_process,mitotic cell cycle,,1,0,0,2611,0.0003828483920374634,0.0003828483920374634,7.867871490394467,3,5,1,0
N,378884,NHLRC1,GO:0045859,biological_process,regulation of protein kinase activity,,1,0,0,2611,0.0003828483920374634,0.0003828483920374634,7.867871490394467,6,8,1,0
C,894,CCND2,GO:0000278,biological_process,mitotic cell cycle,,1,0,0,2611,0.0003828483920374634,0.0003828483920374634,7.867871490394467,3,5,1,0
H,113802,HENMT1,GO:0030422,biological_process,production of siRNA involved in RNA interference,,1,0,0,2611,0.0003828483920374634,0.0003828483920374634,7.867871490394467,9,1,1,1
N,378884,NHLRC1,GO:0005978,biological_process,glycogen biosynthetic process,,1,0,0,2611,0.0003828483920374634,0.0003828483920374634,7.867871490394467,7,1,1,0
D,55661,DDX27,GO:0042254,biological_process,ribosome biogenesis,,1,0,0,2611,0.0003828483920374634,0.0003828483920374634,7.867871490394467,5,1,1,0
D,55661,DDX27,GO:0006364,biological_process,rRNA processing,,1,0,0,2611,0.0003828483920374634,0.0003828483920374634,7.867871490394467,8,11,0,1
R,6038,RNASE4,GO:0006379,biological_process,mRNA cleavage,,1,0,0,2611,0.0003828483920374634,0.0003828483920374634,7.867871490394467,7,2,1,1
E,9852,EPM2AIP1,GO:0045725,biological_process,positive regulation of glycogen biosynthetic process,,1,0,0,2611,0.0003828483920374634,0.0003828483920374634,7.867871490394467,7,1,0,1
P,5319,PLA2G1B,GO:0004623,molecular_function,phospholipase A2 activity,,1,0,0,2611,0.0003828483920374634,0.0003828483920374634,7.867871490394467,5,2,1,1
N,4756,NEO1,GO:0005794,cellular_component,Golgi apparatus,,1,0,0,2611,0.0003828483920374634,0.0003828483920374634,7.867871490394467,5,1,1,0
A,56624,ASAH2,GO:0005794,cellular_component,Golgi apparatus,,1,0,0,2611,0.0003828483920374634,0.0003828483920374634,7.867871490394467,5,1,1,1
C,929,CD14,GO:0005794,cellular_component,Golgi apparatus,,1,0,0,2611,0.0003828483920374634,0.0003828483920374634,7.867871490394467,5,1,1,1
B,567,B2M,GO:0005794,cellular_component,Golgi apparatus,,1,0,0,2611,0.0003828483920374634,0.0003828483920374634,7.867871490394467,5,1,1,0
G,9518,GDF15,GO:0005794,cellular_component,Golgi apparatus,,1,0,0,2611,0.0003828483920374634,0.0003828483920374634,7.867871490394467,5,1,1,0
C,1075,CTSC,GO:0005794,cellular_component,Golgi apparatus,,1,0,0,2611,0.0003828483920374634,0.0003828483920374634,7.867871490394467,5,1,1,0
M,4638,MYLK,GO:0030027,cellular_component,lamellipodium,,1,0,0,2611,0.0003828483920374634,0.0003828483920374634,7.867871490394467,4,1,1,1
M,4438,MSH4,GO:0045132,biological_process,meiotic chromosome segregation,,1,0,0,2611,0.0003828483920374634,0.0003828483920374634,7.867871490394467,3,5,1,0
M,4656,MYOG,GO:0005819,cellular_component,spindle,,7,7,281,2317,0.00031913577310668204,0.0003829629277280184,7.867572367912329,5,2,0,0
C,1499,CTNNB1,GO:0040007,biological_process,growth,,3,68,495,2046,0.0003577254931348186,0.00039179458771908704,7.8447728664362115,1,10,1,0
M,79784,MYH14,GO:0042641,cellular_component,actomyosin,,2,11,4,2595,0.00033927234779124806,0.0004240904347390601,7.765563835996368,2,1,1,1
N,4684,NCAM1,GO:0005819,cellular_component,spindle,,7,7,281,2317,0.00031913577310668204,0.0004255143641422427,7.762211852254502,5,2,0,0
C,925,CD8A,GO:0042110,biological_process,T cell activation,,2,19,2,2589,0.00036592791719268643,0.00042691590339146747,7.758923511693333,4,6,1,1
S,6615,SNAI1,GO:0023052,biological_process,signaling,,8,12,258,2334,0.00044073310801432796,0.00044073310801432796,7.727071062969625,1,6,0,0
T,7039,TGFA,GO:0023052,biological_process,signaling,,8,12,258,2334,0.00044073310801432796,0.00044073310801432796,7.727071062969625,1,6,0,0
K,3815,KIT,GO:0016020,cellular_component,membrane,,9,25,176,2402,0.00041033949490089307,0.0004787294107177086,7.644375024727985,2,16,0,0
M,5594,MAPK1,GO:0023052,biological_process,signaling,,7,9,259,2337,0.0005355641147324462,0.0005355641147324462,7.532189946517993,1,6,0,0
C,947,CD34,GO:0005819,cellular_component,spindle,,9,14,279,2310,0.00042846217571872094,0.0005355777196484012,7.532164543876589,5,2,0,0
S,8405,SPOP,GO:0005488,molecular_function,binding,,6,12,155,2439,0.0004988020135903035,0.000570059444103204,7.469769914672925,1,52,0,0
C,977,CD151,GO:0005604,cellular_component,basement membrane,,2,14,4,2592,0.0005203561700295749,0.0005781735222550832,7.455636522832371,5,1,1,1
A,57492,ARID1B,GO:0006338,biological_process,chromatin remodeling,,2,6,10,2594,0.0005336888250669913,0.0006003999282003653,7.417914577791308,5,6,1,0
C,1499,CTNNB1,GO:0023052,biological_process,signaling,,17,54,249,2292,0.0005232581167230864,0.0006017468342315493,7.415673742251285,1,6,0,0
T,7040,TGFB1,GO:0040007,biological_process,growth,,22,35,476,2079,0.0004826397500449366,0.0006032996875561708,7.413096490409005,1,10,1,0
T,8626,TP63,GO:0016020,cellular_component,membrane,,9,26,176,2401,0.0005191059275554468,0.0006229271130665362,7.381081039493746,2,16,0,0
P,5378,PMS1,GO:0006298,biological_process,mismatch repair,,2,0,65,2545,0.0006483935616931473,0.0006483935616931473,7.341012697681435,6,2,1,1
A,207,AKT1,GO:0016310,biological_process,phosphorylation,,6,56,40,2510,0.0006249329165043185,0.0006509717880253318,7.33704425306137,5,8,0,1
C,1027,CDKN1B,GO:0007049,biological_process,cell cycle,,3,3,85,2521,0.000686947596676991,0.000686947596676991,7.283252547141829,2,2,1,0
I,3486,IGFBP3,GO:0005520,molecular_function,insulin-like growth factor binding,,1,0,1,2610,0.000765696784073666,0.000765696784073666,7.174724309836169,4,2,0,1
D,29102,DROSHA,GO:0010468,biological_process,regulation of gene expression,,1,0,1,2610,0.000765696784073666,0.000765696784073666,7.174724309836169,5,21,0,1
C,1457,CSNK2A1,GO:0006468,biological_process,protein phosphorylation,,1,0,1,2610,0.000765696784073666,0.000765696784073666,7.174724309836169,6,19,0,3
C,1513,CTSK,GO:0045453,biological_process,bone resorption,,1,0,1,2610,0.000765696784073666,0.000765696784073666,7.174724309836169,6,1,1,0
L,9113,LATS1,GO:0035329,biological_process,hippo signaling,,1,1,0,2610,0.0007656967840749309,0.0007656967840749309,7.174724309834517,4,1,1,1
C,1021,CDK6,GO:0000278,biological_process,mitotic cell cycle,,1,1,0,2610,0.0007656967840749309,0.0007656967840749309,7.174724309834517,3,5,1,0
C,896,CCND3,GO:0000278,biological_process,mitotic cell cycle,,1,1,0,2610,0.0007656967840749309,0.0007656967840749309,7.174724309834517,3,5,1,0
I,10642,IGF2BP1,GO:0003723,molecular_function,RNA binding,,1,1,0,2610,0.0007656967840749309,0.0007656967840749309,7.174724309834517,4,32,1,2
I,10642,IGF2BP1,GO:0003729,molecular_function,mRNA binding,,1,1,0,2610,0.0007656967840749309,0.0007656967840749309,7.174724309834517,5,9,1,2
T,92104,TTC30A,GO:0030030,biological_process,cell projection organization,,1,1,0,2610,0.0007656967840749309,0.0007989879485999279,7.132164695415721,4,5,1,0
C,1264,CNN1,GO:0006939,biological_process,smooth muscle contraction,,1,1,0,2610,0.0007656967840749309,0.0008750820389427782,7.041192917209994,5,9,1,0
T,7157,TP53,GO:0005819,cellular_component,spindle,,31,126,257,2198,0.0008734948878458089,0.0008964815954206986,7.017032794498809,5,2,0,0
N,4854,NOTCH3,GO:0023052,biological_process,signaling,,5,3,261,2343,0.0004568192261312636,0.0009136384522625272,6.998075631219549,1,6,0,0
K,3852,KRT5,GO:0016020,cellular_component,membrane,,6,11,179,2416,0.0007453305212809557,0.0009316631516011946,6.978539233929163,2,16,0,1
B,11177,BAZ1A,GO:0000785,cellular_component,chromatin,,2,3,22,2585,0.0007958295110392689,0.0009549954132471228,6.953804020377672,2,5,1,0
Y,10413,YAP1,GO:0051179,biological_process,localization,,5,27,60,2520,0.000978692992825141,0.000978692992825141,6.9292925572340875,1,10,0,0
Y,10413,YAP1,GO:0005634,cellular_component,nucleus,,3,29,14,2566,0.0010113665282780974,0.0010787909634966371,6.831914343173681,5,11,0,9
N,10403,NDC80,GO:0007049,biological_process,cell cycle,,2,0,86,2524,0.0011225918381562272,0.0011225918381562272,6.792115125965211,2,2,1,0
C,898,CCNE1,GO:0000278,biological_process,mitotic cell cycle,,1,2,0,2609,0.0011485451761123957,0.0011485451761123957,6.769259201726353,3,5,1,0
J,3717,JAK2,GO:0006470,biological_process,protein dephosphorylation,,1,2,0,2609,0.0011485451761123957,0.0011485451761123957,6.769259201726353,6,8,1,0
V,7412,VCAM1,GO:0007155,biological_process,cell adhesion,,2,1,46,2563,0.0009807250513559525,0.0013076334018079366,6.639536339078329,2,7,0,1
C,1084,CEACAM3,GO:0005819,cellular_component,spindle,,8,13,280,2311,0.0011133171224063474,0.0013359805468876169,6.618089764686553,5,2,0,0
I,3630,INS,GO:0023052,biological_process,signaling,,13,38,253,2308,0.0012828047157286242,0.0013744336239949544,6.589713542543608,1,6,0,0
F,2335,FN1,GO:0031012,cellular_component,extracellular matrix,,2,9,11,2590,0.0012266270815858697,0.0014018595218124226,6.569955693811888,3,8,1,1
P,10630,PDPN,GO:0001946,biological_process,lymphangiogenesis,,1,0,3,2608,0.0015313935681448157,0.0015313935681448157,6.481577129277866,3,1,1,0
C,975,CD81,GO:0048870,biological_process,cell motility,,1,0,3,2608,0.0015313935681448157,0.0015313935681448157,6.481577129277866,2,12,1,0
P,5629,PROX1,GO:0001946,biological_process,lymphangiogenesis,,1,0,3,2608,0.0015313935681448157,0.0015313935681448157,6.481577129277866,3,1,1,1
T,7294,TXK,GO:0016301,molecular_function,kinase activity,,1,3,0,2608,0.0015313935681498592,0.0015313935681498592,6.481577129274573,4,133,1,0
S,6647,SOD1,GO:0004784,molecular_function,superoxide dismutase activity,,1,3,0,2608,0.0015313935681498592,0.0015313935681498592,6.481577129274573,2,1,1,5
C,998,CDC42,GO:0005525,molecular_function,GTP binding,,1,3,0,2608,0.0015313935681498592,0.0015313935681498592,6.481577129274573,5,1,0,3
R,5879,RAC1,GO:0005525,molecular_function,GTP binding,,1,3,0,2608,0.0015313935681498592,0.0015313935681498592,6.481577129274573,5,1,0,1
R,5879,RAC1,GO:0030027,cellular_component,lamellipodium,,1,3,0,2608,0.0015313935681498592,0.0015313935681498592,6.481577129274573,4,1,1,2
C,1033,CDKN3,GO:0007049,biological_process,cell cycle,,2,0,86,2524,0.0011225918381562272,0.0017462539704652421,6.350282373686172,2,2,1,0
I,3383,ICAM1,GO:0009986,cellular_component,cell surface,,2,4,19,2587,0.0009059690166594188,0.0018119380333188376,6.313358269893774,2,1,1,2
F,2324,FLT4,GO:0040007,biological_process,growth,,5,1,493,2113,0.00125277434961747,0.001879161524426205,6.276929599272447,1,10,0,0
R,387,RHOA,GO:0005525,molecular_function,GTP binding,,1,4,0,2607,0.0019142419601873223,0.0019142419601873223,6.258433577960364,5,1,0,2
C,1019,CDK4,GO:0000278,biological_process,mitotic cell cycle,,1,4,0,2607,0.0019142419601873223,0.0019142419601873223,6.258433577960364,3,5,1,0
R,387,RHOA,GO:0008360,biological_process,regulation of cell shape,,1,4,0,2607,0.0019142419601873223,0.0019142419601873223,6.258433577960364,3,4,1,1
V,79679,VTCN1,GO:0001775,biological_process,cell activation,,1,0,4,2607,0.0019142419601928513,0.0019142419601928513,6.258433577957476,2,14,1,0
I,3630,INS,GO:0016310,biological_process,phosphorylation,,5,46,41,2520,0.0017406860380991872,0.0020084838901144467,6.210375125051251,5,8,0,0
F,2246,FGF1,GO:0042060,biological_process,wound healing,,1,3,0,2608,0.0015313935681498592,0.002041858090866479,6.193895056822792,4,1,1,1
F,2255,FGF10,GO:0042060,biological_process,wound healing,,1,3,0,2608,0.0015313935681498592,0.002041858090866479,6.193895056822792,4,1,1,2
V,7431,VIM,GO:0005882,cellular_component,intermediate filament,,3,195,1,2413,0.0016217099300373451,0.0022008920479078256,6.1188925244794365,6,5,0,2
H,3280,HES1,GO:0007219,biological_process,Notch signaling pathway,,1,0,5,2606,0.002297090352220609,0.002297090352220609,6.076112021168228,4,8,1,1
H,23462,HEY1,GO:0007219,biological_process,Notch signaling pathway,,1,0,5,2606,0.002297090352220609,0.002297090352220609,6.076112021168228,4,8,1,2
I,3559,IL2RA,GO:0042098,biological_process,T cell proliferation,,1,3,0,2608,0.0015313935681498592,0.0022970903522247887,6.076112021166408,5,7,1,0
C,720,C4A,GO:0045087,biological_process,innate immune response,,1,4,0,2607,0.0019142419601873223,0.0023396290624511716,6.057762882498213,4,14,1,0
F,2247,FGF2,GO:0042060,biological_process,wound healing,,1,4,0,2607,0.0019142419601873223,0.0023928024502341528,6.035290026646154,4,1,1,1
S,6606,SMN1,GO:0016020,cellular_component,membrane,,5,9,180,2418,0.0019963559955902214,0.002661807994120295,5.928749690040239,2,16,0,0
O,4953,ODC1,GO:0004586,molecular_function,ornithine decarboxylase activity,,1,6,0,2605,0.0026799387442622584,0.002679938744262258,5.9219613413391485,5,1,0,1
D,92737,DNER,GO:0005515,molecular_function,protein binding,,1,6,0,2605,0.0026799387442622584,0.0026799387442622584,5.9219613413391485,2,110,0,2
M,4282,MIF,GO:1905517,biological_process,macrophage migration,,1,0,6,2605,0.00267993874426799,0.00267993874426799,5.92196134133701,4,2,1,0
C,1024,CDK8,GO:0016592,cellular_component,mediator complex,,1,1,2,2608,0.002296210578054537,0.0027554526936654443,5.894173532755895,3,1,1,1
T,7013,TERF1,GO:0070187,cellular_component,shelterin complex,,1,4,0,2607,0.0019142419601873223,0.0028713629402809834,5.8529684698521995,4,1,1,1
E,2099,ESR1,GO:0023052,biological_process,signaling,,11,32,255,2314,0.0029234493703317152,0.0029234493703317152,5.834991068667925,1,6,0,0
T,8600,TNFSF11,GO:0030316,biological_process,osteoclast differentiation,,1,1,3,2607,0.003061027587939608,0.003061027587939608,5.789004606338271,6,1,1,1
M,4438,MSH4,GO:0051321,biological_process,meiotic cell cycle,,1,0,1,2610,0.000765696784073666,0.003062787136294664,5.788429948716278,2,1,1,0
S,60682,SMAP1,GO:0006897,biological_process,endocytosis,,1,0,1,2610,0.000765696784073666,0.003062787136294664,5.788429948716278,3,8,1,0
H,3339,HSPG2,GO:0030154,biological_process,cell differentiation,,1,0,7,2604,0.0030627871362957308,0.0030627871362957308,5.78842994871593,3,81,0,1
C,1000,CDH2,GO:0005912,cellular_component,adherens junction,,1,7,0,2604,0.0030627871362997132,0.0030627871362997132,5.788429948714629,5,2,1,2
C,4179,CD46,GO:0006956,biological_process,complement activation,,1,3,0,2608,0.0015313935681498592,0.0030627871362997184,5.788429948714628,3,4,1,0
P,5518,PPP2R1A,GO:0006470,biological_process,protein dephosphorylation,,1,6,0,2605,0.0026799387442622584,0.0031265952016393014,5.7678106615118905,6,8,1,1
C,1111,CHEK1,GO:0007049,biological_process,cell cycle,,2,1,86,2523,0.0032937962822304104,0.0032937962822304104,5.7157144942422695,2,2,1,0
C,1030,CDKN2B,GO:0007049,biological_process,cell cycle,,2,1,86,2523,0.0032937962822304104,0.0032937962822304104,5.7157144942422695,2,2,1,0
C,977,CD151,GO:0007155,biological_process,cell adhesion,,3,13,45,2551,0.002758111560285745,0.0034476394503571814,5.670065499410119,2,7,0,1
C,998,CDC42,GO:0030175,cellular_component,filopodium,,1,3,1,2607,0.003061027587944626,0.0035711988526020643,5.634853926509373,5,2,1,1
C,998,CDC42,GO:0044297,cellular_component,cell body,,1,3,1,2607,0.003061027587944626,0.0035711988526020643,5.634853926509373,2,2,1,0
C,1604,CD55,GO:0006956,biological_process,complement activation,,1,4,0,2607,0.0019142419601873223,0.0038284839203746447,5.565286397400419,3,4,1,0
F,57697,FANCM,GO:0035825,biological_process,homologous recombination,,1,0,9,2602,0.0038284839203793987,0.0038284839203793987,5.565286397399177,6,2,1,0
R,8438,RAD54L,GO:0035825,biological_process,homologous recombination,,1,0,9,2602,0.0038284839203793987,0.0038284839203793987,5.565286397399177,6,2,1,0
S,84464,SLX4,GO:0035825,biological_process,homologous recombination,,1,0,9,2602,0.0038284839203793987,0.0038284839203793987,5.565286397399177,6,2,1,0
R,10111,RAD50,GO:0035825,biological_process,homologous recombination,,1,0,9,2602,0.0038284839203793987,0.0038284839203793987,5.565286397399177,6,2,1,0
N,4741,NEFM,GO:0005883,cellular_component,neurofilament,,1,0,4,2607,0.0019142419601928513,0.0038284839203857027,5.56528639739753,7,1,1,0
W,7490,WT1,GO:0016020,cellular_component,membrane,,5,11,180,2416,0.003875717483521199,0.003875717483521199,5.553024476278547,2,16,0,0
P,5156,PDGFRA,GO:0005794,cellular_component,Golgi apparatus,,1,8,0,2603,0.003445635528337191,0.003937869175242504,5.537115520433719,5,1,1,0
A,350,APOH,GO:0050817,biological_process,coagulation,,1,0,8,2603,0.0034456355283359916,0.0041347626340031895,5.488325356264635,2,2,1,0
G,2735,GLI1,GO:0005829,cellular_component,cytosol,,1,1,2,2608,0.002296210578054537,0.004305394833852257,5.447886430127475,2,1,0,1
C,999,CDH1,GO:0010467,biological_process,gene expression,,7,41,107,2457,0.00417803813437917,0.004352123056644969,5.437091493944756,4,4,0,0
K,3791,KDR,GO:0040007,biological_process,growth,,8,7,490,2107,0.003009583662661575,0.004514375493992363,5.400488419732645,1,10,0,0
S,6774,STAT3,GO:0023052,biological_process,signaling,,5,7,261,2339,0.004577564879432078,0.004577564879432078,5.386588107964533,1,6,0,0
I,3558,IL2,GO:0006954,biological_process,inflammatory response,,1,1,5,2605,0.004589781833579162,0.004589781833579162,5.383922786849948,4,5,1,0
N,114548,NLRP3,GO:0046903,biological_process,secretion,,1,0,11,2600,0.004594180704450367,0.004594180704450367,5.3829648406062915,4,10,1,0
N,171389,NLRP6,GO:0046903,biological_process,secretion,,1,0,11,2600,0.004594180704450367,0.004594180704450367,5.3829648406062915,4,10,1,0
N,91662,NLRP12,GO:0046903,biological_process,secretion,,1,0,11,2600,0.004594180704450367,0.004594180704450367,5.3829648406062915,4,10,1,0
C,4267,CD99,GO:0005819,cellular_component,spindle,,6,8,282,2316,0.00237658186897125,0.0047531637379425,5.34894483255535,5,2,0,0
I,3480,IGF1R,GO:0023052,biological_process,signaling,,6,11,260,2335,0.004950650227045096,0.004950650227045096,5.3082363520293665,1,6,0,0
T,7076,TIMP1,GO:0031012,cellular_component,extracellular matrix,,1,0,12,2599,0.004977029096498179,0.004977029096498179,5.302922132930689,3,8,1,1
A,140766,ADAMTS14,GO:0031012,cellular_component,extracellular matrix,,1,0,12,2599,0.004977029096498179,0.004977029096498179,5.302922132930689,3,8,1,1
P,10857,PGRMC1,GO:0016020,cellular_component,membrane,,2,0,183,2427,0.004991252112171983,0.004991252112171983,5.30006847641198,2,16,0,1
Y,10413,YAP1,GO:0007049,biological_process,cell cycle,,5,27,83,2497,0.0037998661928400354,0.0050664882571200475,5.285107352828504,2,2,0,0
B,675,BRCA2,GO:0006974,biological_process,cellular response to DNA damage stimulus,,1,12,0,2599,0.00497702909648704,0.0053917815211942935,5.222879425259391,4,9,1,0
S,4088,SMAD3,GO:0043235,cellular_component,receptor complex,,1,13,0,2598,0.005359877488524508,0.005955419431693898,5.123453645121379,2,16,1,1
S,4088,SMAD3,GO:0046332,molecular_function,SMAD binding,,1,13,0,2598,0.005359877488524508,0.005955419431693898,5.123453645121379,3,3,1,0
C,966,CD59,GO:0006956,biological_process,complement activation,,1,12,0,2599,0.00497702909648704,0.005972434915784448,5.120600576138973,3,4,1,0
S,6664,SOX11,GO:0030154,biological_process,cell differentiation,,1,1,7,2603,0.006117363047005952,0.006117363047005952,5.096624149983297,3,81,0,1
A,216,ALDH1A1,GO:0005829,cellular_component,cytosol,,1,2,2,2607,0.003442996542915051,0.00612088274296009,5.096048953813587,2,1,0,1
T,7157,TP53,GO:0005694,cellular_component,chromosome,,10,147,57,2398,0.005833551708283907,0.006148878827650605,5.091485518230242,5,6,0,0
T,123036,TC2N,GO:0010467,biological_process,gene expression,,5,22,109,2476,0.005416149752643661,0.006318841378084271,5.064219413882172,4,4,0,0
F,55294,FBXW7,GO:0007049,biological_process,cell cycle,,3,8,85,2516,0.005012306831873244,0.006444394498122743,5.044544596093269,2,2,1,0
E,1981,EIF4G1,GO:0006412,biological_process,translation,,1,0,16,2595,0.006508422664637289,0.006508422664637289,5.034658146338188,5,4,0,1
S,6277,S100A6,GO:0007165,biological_process,signal transduction,,1,0,16,2595,0.006508422664637289,0.006508422664637289,5.034658146338188,2,41,0,1
F,2308,FOXO1,GO:0005634,cellular_component,nucleus,,1,0,16,2595,0.006508422664637289,0.006508422664637289,5.034658146338188,5,11,0,5
C,898,CCNE1,GO:0007049,biological_process,cell cycle,,2,1,86,2523,0.0032937962822304104,0.006587592564460821,5.022567313682324,2,2,1,0
C,920,CD4,GO:0030217,biological_process,T cell differentiation,,1,10,0,2601,0.004211332312412106,0.006738131699859369,4.999972588350359,5,7,1,1
C,920,CD4,GO:0042098,biological_process,T cell proliferation,,1,10,0,2601,0.004211332312412106,0.006738131699859369,4.999972588350359,5,7,1,0
G,2852,GPER1,GO:0023052,biological_process,signaling,,6,12,260,2334,0.006803569130136466,0.006803569130136466,4.990307932418354,1,6,0,0
B,83990,BRIP1,GO:0006281,biological_process,DNA repair,,1,0,17,2594,0.006891271056660635,0.006891271056660635,4.977499732500291,5,15,1,0
A,84142,ABRAXAS1,GO:0006281,biological_process,DNA repair,,1,0,17,2594,0.006891271056660635,0.006891271056660635,4.977499732500291,5,15,1,0
N,4683,NBN,GO:0006281,biological_process,DNA repair,,1,0,17,2594,0.006891271056660635,0.006891271056660635,4.977499732500291,5,15,1,0
M,4361,MRE11,GO:0006281,biological_process,DNA repair,,1,0,17,2594,0.006891271056660635,0.006891271056660635,4.977499732500291,5,15,1,2
G,2692,GHRHR,GO:0040007,biological_process,growth,,3,0,495,2114,0.006896787678902768,0.006896787678902768,4.976699529564939,1,10,1,0
F,2252,FGF7,GO:0040007,biological_process,growth,,3,0,495,2114,0.006896787678902768,0.006896787678902768,4.976699529564939,1,10,1,0
E,2064,ERBB2,GO:0005694,cellular_component,chromosome,,10,149,57,2396,0.006378834872299211,0.007087594302554679,4.949409304541697,5,6,0,0
S,6591,SNAI2,GO:0070888,molecular_function,E-box binding,,1,16,0,2595,0.006508422664636896,0.007231580738485439,4.929297630680423,8,1,0,1
N,4851,NOTCH1,GO:0001503,biological_process,ossification,,1,14,0,2597,0.005742725880561974,0.0073089238479879665,4.918659232475365,2,6,1,0
G,2852,GPER1,GO:0005783,cellular_component,endoplasmic reticulum,,1,17,0,2594,0.006891271056674346,0.007580398162341781,4.882189552693977,5,5,1,2
R,5892,RAD51D,GO:0035825,biological_process,homologous recombination,,1,1,9,2601,0.007643771228214744,0.007643771228214744,4.873864181333663,6,2,1,0
R,387,RHOA,GO:0030334,biological_process,regulation of cell migration,,1,4,1,2606,0.0038255513397949226,0.007651102679589845,4.87290550040817,5,27,0,1
C,963,CD53,GO:0009986,cellular_component,cell surface,,1,0,20,2591,0.008039816232773332,0.008039816232773332,4.823349052672711,2,1,1,0
S,6382,SDC1,GO:0009986,cellular_component,cell surface,,1,0,20,2591,0.008039816232773332,0.008039816232773332,4.823349052672711,2,1,1,1
A,335,APOA1,GO:0009986,cellular_component,cell surface,,1,0,20,2591,0.008039816232773332,0.008039816232773332,4.823349052672711,2,1,1,0
A,411,ARSB,GO:0009986,cellular_component,cell surface,,1,0,20,2591,0.008039816232773332,0.008039816232773332,4.823349052672711,2,1,1,0
F,2244,FGB,GO:0042730,biological_process,fibrinolysis,,1,6,0,2605,0.0026799387442622584,0.008039816232786774,4.8233490526710385,6,1,1,1
T,7148,TNXB,GO:0031012,cellular_component,extracellular matrix,,1,0,12,2599,0.004977029096498179,0.008295048494163631,4.792096509164699,3,8,1,1
C,968,CD68,GO:0005819,cellular_component,spindle,,5,6,283,2318,0.004148141242311175,0.00829628248462235,4.791947757932797,5,2,0,0
S,6615,SNAI1,GO:0070888,molecular_function,E-box binding,,1,19,0,2592,0.00765696784074929,0.00842266462482422,4.776829037036149,8,1,0,1
P,5747,PTK2,GO:0015629,cellular_component,actin cytoskeleton,,1,17,0,2594,0.006891271056674346,0.008614088820842932,4.754356181184092,6,2,1,0
P,5747,PTK2,GO:0048514,biological_process,blood vessel morphogenesis,,1,17,0,2594,0.006891271056674346,0.008614088820842932,4.754356181184092,4,5,1,0
I,3630,INS,GO:0040007,biological_process,growth,,18,33,480,2081,0.0059415532980961,0.00891232994714415,4.7203195736880845,1,10,1,0
T,7039,TGFA,GO:0035556,biological_process,intracellular signal transduction,,1,19,0,2592,0.00765696784074929,0.008933129147540839,4.717988537013215,3,27,0,1
I,3480,IGF1R,GO:0040007,biological_process,growth,,8,9,490,2105,0.00794277648577313,0.009077458840883578,4.701960988876801,1,10,0,0
R,5879,RAC1,GO:0005856,cellular_component,cytoskeleton,,1,3,2,2606,0.004588903407763628,0.009177806815527255,4.690967011876995,5,9,0,1
S,8405,SPOP,GO:0005515,molecular_function,protein binding,,1,17,0,2594,0.006891271056674346,0.009188361408899127,4.689817660046521,2,110,0,6
P,5728,PTEN,GO:0006470,biological_process,protein dephosphorylation,,1,23,0,2588,0.009188361408899184,0.009188361408899186,4.689817660046515,6,8,1,1
P,5347,PLK1,GO:0007059,biological_process,chromosome segregation,,1,4,4,2603,0.009541917690300373,0.009541917690300373,4.652060797968145,2,1,1,0
S,6678,SPARC,GO:0031012,cellular_component,extracellular matrix,,1,1,12,2598,0.009931184064597483,0.009931184064597483,4.612075566885934,3,8,1,0
T,7157,TP53,GO:0003677,molecular_function,DNA binding,,3,154,5,2450,0.009536025275179185,0.010189177691287347,4.586429132620283,4,15,0,2
I,3552,IL1A,GO:0006954,biological_process,inflammatory response,,1,2,5,2604,0.0068780811857115575,0.010317121778567336,4.5739504552534855,4,5,1,1
A,10097,ACTR2,GO:0007610,biological_process,behavior,,1,0,27,2584,0.010719754977036658,0.010719754977036658,4.535666980220412,1,27,1,0
C,929,CD14,GO:0009986,cellular_component,cell surface,,1,0,20,2591,0.008039816232773332,0.011255742725882664,4.486876816051498,2,1,1,0
B,567,B2M,GO:0009986,cellular_component,cell surface,,1,0,20,2591,0.008039816232773332,0.011255742725882664,4.486876816051498,2,1,1,0
C,4345,CD200,GO:0009986,cellular_component,cell surface,,1,0,20,2591,0.008039816232773332,0.011255742725882664,4.486876816051498,2,1,1,1
N,8829,NRP1,GO:0009986,cellular_component,cell surface,,1,0,20,2591,0.008039816232773332,0.011255742725882664,4.486876816051498,2,1,1,0
G,2690,GHR,GO:0009986,cellular_component,cell surface,,1,0,20,2591,0.008039816232773332,0.011255742725882664,4.486876816051498,2,1,1,1
N,4756,NEO1,GO:0009986,cellular_component,cell surface,,1,0,20,2591,0.008039816232773332,0.011255742725882664,4.486876816051498,2,1,0,1
H,3326,HSP90AB1,GO:0009986,cellular_component,cell surface,,1,0,20,2591,0.008039816232773332,0.011255742725882664,4.486876816051498,2,1,1,0
I,3688,ITGB1,GO:0009986,cellular_component,cell surface,,1,0,20,2591,0.008039816232773332,0.011255742725882664,4.486876816051498,2,1,1,11
C,925,CD8A,GO:0030217,biological_process,T cell differentiation,,1,20,0,2591,0.008039816232786757,0.01125574272590146,4.486876816049828,5,7,1,0
R,5925,RB1,GO:0007049,biological_process,cell cycle,,3,10,85,2514,0.008273571814012054,0.011819388305731506,4.438014019127439,2,2,1,0
C,1499,CTNNB1,GO:0005634,cellular_component,nucleus,,3,68,14,2527,0.009956250135164884,0.012052302795199596,4.418499533967323,5,11,0,12
A,214,ALCAM,GO:0009986,cellular_component,cell surface,,1,0,20,2591,0.008039816232773332,0.012059724349159997,4.417883944564546,2,1,1,0
L,3977,LIFR,GO:0009986,cellular_component,cell surface,,1,0,20,2591,0.008039816232773332,0.012059724349159997,4.417883944564546,2,1,1,0
A,350,APOH,GO:0009986,cellular_component,cell surface,,1,0,20,2591,0.008039816232773332,0.012059724349159997,4.417883944564546,2,1,1,1
F,6624,FSCN1,GO:0048870,biological_process,cell motility,,1,6,3,2602,0.010682851634871027,0.012463326907349533,4.384964794252462,2,12,1,1
K,3815,KIT,GO:0005819,cellular_component,spindle,,9,25,279,2299,0.009198780833890141,0.012878293167446198,4.352212085142642,5,2,0,0
A,207,AKT1,GO:0005819,cellular_component,spindle,,1,61,287,2263,0.011919674757823805,0.012956168215025876,4.346183294195602,5,2,1,0
A,383,ARG1,GO:0005737,cellular_component,cytoplasm,,1,0,33,2578,0.0130168453293005,0.0130168453293005,4.341510965776251,2,5,0,1
M,4609,MYC,GO:0051972,biological_process,regulation of telomerase activity,,1,27,0,2584,0.010719754977048997,0.013399693721311246,4.312523428905052,5,3,1,0
B,672,BRCA1,GO:0006974,biological_process,cellular response to DNA damage stimulus,,1,32,0,2579,0.012633996937236332,0.013644716692215238,4.294402887791856,4,9,1,1
B,672,BRCA1,GO:0016567,biological_process,protein ubiquitination,,1,32,0,2579,0.012633996937236332,0.013644716692215238,4.294402887791856,8,5,0,1
I,3586,IL10,GO:0046903,biological_process,secretion,,1,2,11,2598,0.01372455117546164,0.01372455117546164,4.2885689933626505,4,10,1,0
P,5241,PGR,GO:0048469,biological_process,cell maturation,,1,28,0,2583,0.011102603369086445,0.01413058610611002,4.2594136035911045,3,11,1,0
P,54984,PINX1,GO:0051972,biological_process,regulation of telomerase activity,,1,28,0,2583,0.011102603369086445,0.014803471158781925,4.212893587956212,5,3,1,1
E,2099,ESR1,GO:0005488,molecular_function,binding,,7,36,154,2415,0.014535490714038313,0.015167468571170413,4.188602370266637,1,52,0,0
T,7040,TGFB1,GO:0007049,biological_process,cell cycle,,6,51,82,2473,0.011242854840422057,0.015331165691484622,4.1778675491011965,2,2,1,0
P,5111,PCNA,GO:0007049,biological_process,cell cycle,,2,4,86,2520,0.015412597250987238,0.015412597250987238,4.172570100634064,2,2,1,0
C,29126,CD274,GO:0002250,biological_process,adaptive immune response,,1,32,0,2579,0.012633996937236332,0.01544155181217774,4.170693233465832,3,5,1,0
I,3479,IGF1,GO:0023052,biological_process,signaling,,5,9,261,2337,0.009753390858604957,0.01560542537376793,4.160136644818482,1,6,0,0
D,1736,DKC1,GO:0003720,molecular_function,telomerase activity,,1,2,13,2596,0.01599969571272637,0.01599969571272637,4.135185574877801,5,1,1,1
J,3717,JAK2,GO:0046903,biological_process,secretion,,1,2,11,2598,0.01372455117546164,0.016011976371371913,4.1344183135353925,4,10,1,0
V,7422,VEGFA,GO:0046903,biological_process,secretion,,3,100,9,2500,0.01010515602536181,0.017454360407443126,4.048165781465828,4,10,1,0
T,7133,TNFRSF1B,GO:0016020,cellular_component,membrane,,2,0,183,2427,0.004991252112171983,0.017469382392601943,4.047305507916612,2,16,0,1
C,29126,CD274,GO:0006955,biological_process,immune response,,2,31,12,2567,0.01281325841347046,0.01761823031852188,4.0388210994703515,2,9,0,1
Y,10413,YAP1,GO:0060242,biological_process,contact inhibition,,1,31,0,2580,0.0122511485451989,0.01781985242938022,4.027442138153324,5,1,0,1
C,1435,CSF1,GO:0016020,cellular_component,membrane,,3,3,182,2424,0.005960476300480431,0.01788142890144129,4.023992596241905,2,16,0,1
I,3488,IGFBP5,GO:0007165,biological_process,signal transduction,,1,0,16,2595,0.006508422664637289,0.01822358346098441,4.00503872915703,2,41,0,1
H,3066,HDAC2,GO:0000785,cellular_component,chromatin,,1,1,23,2587,0.01829578359438279,0.01829578359438279,4.001084650360534,2,5,1,1
F,3169,FOXA1,GO:0000785,cellular_component,chromatin,,1,1,23,2587,0.01829578359438279,0.01829578359438279,4.001084650360534,2,5,1,0
I,3559,IL2RA,GO:0042110,biological_process,T cell activation,,1,3,3,2605,0.006115022375286939,0.018345067125860818,3.9983945620995027,4,6,1,0
A,6868,ADAM17,GO:0007155,biological_process,cell adhesion,,1,0,47,2564,0.018376722817807802,0.018376722817807802,3.996670479486056,2,7,0,1
C,6387,CXCL12,GO:0007155,biological_process,cell adhesion,,1,0,47,2564,0.018376722817807802,0.018376722817807802,3.996670479486056,2,7,0,1
S,4088,SMAD3,GO:0023052,biological_process,signaling,,5,9,261,2337,0.009753390858604957,0.019506781717209914,3.9369930935042716,1,6,0,0
D,1788,DNMT3A,GO:0006306,biological_process,DNA methylation,,1,0,50,2561,0.01952526799390849,0.01952526799390849,3.9360458576702513,4,4,1,1
D,1786,DNMT1,GO:0006306,biological_process,DNA methylation,,1,0,50,2561,0.01952526799390849,0.01952526799390849,3.9360458576702513,4,4,1,1
N,4790,NFKB1,GO:0023052,biological_process,signaling,,6,15,260,2331,0.015312054517742127,0.019686927237097022,3.927800455538368,1,6,0,0
M,4255,MGMT,GO:0032259,biological_process,methylation,,3,9,107,2493,0.012107403117974855,0.020179005196624758,3.9031125617720464,2,1,1,0
C,999,CDH1,GO:0005912,cellular_component,adherens junction,,1,47,0,2564,0.01837672281779827,0.020882639565679855,3.86883710797669,5,2,1,3
F,2147,F2,GO:0050817,biological_process,coagulation,,1,3,8,2600,0.013719311566385117,0.022865519277308528,3.778125211554512,2,2,1,0
R,387,RHOA,GO:0048870,biological_process,cell motility,,1,4,3,2604,0.00763938583792218,0.022918157513766538,3.775825778073384,2,12,1,0
T,7043,TGFB3,GO:0031012,cellular_component,extracellular matrix,,1,1,12,2598,0.009931184064597483,0.023172762817394128,3.76477770649873,3,8,1,0
M,4292,MLH1,GO:0045132,biological_process,meiotic chromosome segregation,,1,58,0,2553,0.022588055130210404,0.02336695358297628,3.7564324948130636,3,5,1,0
M,4292,MLH1,GO:0016447,biological_process,somatic recombination of immunoglobulin gene segments,,1,58,0,2553,0.022588055130210404,0.02336695358297628,3.7564324948130636,4,3,1,0
M,4292,MLH1,GO:0016446,biological_process,somatic hypermutation of immunoglobulin genes,,1,58,0,2553,0.022588055130210404,0.02336695358297628,3.7564324948130636,4,1,0,1
M,4292,MLH1,GO:0006974,biological_process,cellular response to DNA damage stimulus,,1,58,0,2553,0.022588055130210404,0.02336695358297628,3.7564324948130636,4,9,1,0
M,4292,MLH1,GO:0045143,biological_process,homologous chromosome segregation,,1,58,0,2553,0.022588055130210404,0.02336695358297628,3.7564324948130636,4,1,1,0
E,2100,ESR2,GO:0023052,biological_process,signaling,,5,12,261,2334,0.023373349665641648,0.023373349665641648,3.756158808839258,1,6,0,0
C,1440,CSF3,GO:0040007,biological_process,growth,,6,7,492,2107,0.023752183532802527,0.023752183532802524,3.740080814504282,1,10,0,0
G,2932,GSK3B,GO:0001837,biological_process,epithelial to mesenchymal transition,,1,3,15,2593,0.024291905404723174,0.024291905404723174,3.7176120950461415,5,5,1,1
C,1499,CTNNB1,GO:0098609,biological_process,cell-cell adhesion,,2,69,6,2535,0.01834974038690785,0.024826119346992973,3.6958589805611393,3,20,0,1
K,3845,KRAS,GO:0005819,cellular_component,spindle,,10,33,278,2291,0.022125298709396418,0.02489096104807097,3.6932505515332292,5,2,0,0
M,4437,MSH3,GO:0006298,biological_process,mismatch repair,,1,0,66,2545,0.02565084226650327,0.02565084226650327,3.6631788710037654,6,2,1,1
M,27030,MLH3,GO:0006298,biological_process,mismatch repair,,1,0,66,2545,0.02565084226650327,0.02565084226650327,3.6631788710037654,6,2,1,1
T,3371,TNC,GO:0031012,cellular_component,extracellular matrix,,1,2,12,2597,0.014862561308717577,0.02600948229025576,3.6492941039774256,3,8,1,0
F,2308,FOXO1,GO:0005737,cellular_component,cytoplasm,,1,0,33,2578,0.0130168453293005,0.026033690658601,3.648363785216306,2,5,0,5
A,285,ANGPT2,GO:0001525,biological_process,angiogenesis,,1,0,69,2542,0.026799387442615664,0.026799387442615664,3.619376248345361,3,5,0,1
A,284,ANGPT1,GO:0001525,biological_process,angiogenesis,,1,0,69,2542,0.026799387442615664,0.026799387442615664,3.619376248345361,3,5,0,1
A,207,AKT1,GO:0001836,biological_process,release of cytochrome c from mitochondria,,1,61,0,2550,0.023736600306322755,0.02697340943900313,3.61290373383949,7,1,1,0
S,6657,SOX2,GO:0003677,molecular_function,DNA binding,,1,5,7,2599,0.018253931419543068,0.027380897129314602,3.5979096937961472,4,15,0,1
P,79728,PALB2,GO:0006281,biological_process,DNA repair,,1,1,17,2593,0.013737673630688056,0.027475347261376112,3.594466139595761,5,15,1,0
B,580,BARD1,GO:0006281,biological_process,DNA repair,,1,1,17,2593,0.013737673630688056,0.027475347261376112,3.594466139595761,5,15,1,0
R,5892,RAD51D,GO:0006281,biological_process,DNA repair,,1,1,17,2593,0.013737673630688056,0.027475347261376112,3.594466139595761,5,15,1,1
P,5290,PIK3CA,GO:0002253,biological_process,activation of immune response,,1,27,1,2583,0.02132865840875446,0.028438211211672615,3.560021572942469,2,3,1,0
R,5889,RAD51C,GO:0035825,biological_process,homologous recombination,,1,4,9,2598,0.019010857428135797,0.028516286142203695,3.5572799113331492,6,2,1,0
I,3667,IRS1,GO:0007165,biological_process,signal transduction,,1,2,16,2593,0.019405847920159914,0.029108771880239873,3.536715711044852,2,41,0,1
C,11200,CHEK2,GO:0006281,biological_process,DNA repair,,1,2,17,2592,0.020539482778149147,0.03080922416722372,3.479941147890751,5,15,1,0
I,3553,IL1B,GO:0046903,biological_process,secretion,,1,2,11,2598,0.01372455117546164,0.03137040268676946,3.461890420178183,4,10,1,0
N,22795,NID2,GO:0007155,biological_process,cell adhesion,,1,0,47,2564,0.018376722817807802,0.03215926493116365,3.4370546915506335,2,7,0,1
I,3688,ITGB1,GO:0007155,biological_process,cell adhesion,,1,0,47,2564,0.018376722817807802,0.03215926493116365,3.4370546915506335,2,7,0,1
I,3630,INS,GO:0032868,biological_process,response to insulin,,1,50,0,2561,0.01952526799391071,0.03254211332318452,3.4252202339041466,5,1,1,0
P,5728,PTEN,GO:0007610,biological_process,behavior,,2,22,26,2562,0.026446268555688466,0.03305783569461058,3.409496654714991,1,27,1,0
C,891,CCNB1,GO:0007049,biological_process,cell cycle,,1,0,87,2524,0.033690658499286374,0.033690658499286374,3.3905346759165695,2,2,1,0
C,836,CASP3,GO:0007049,biological_process,cell cycle,,1,0,87,2524,0.033690658499286374,0.033690658499286374,3.3905346759165695,2,2,1,0
M,4255,MGMT,GO:0008168,molecular_function,methyltransferase activity,,1,11,2,2598,0.013724551175506949,0.03431137793876737,3.372278261485194,4,131,0,1
S,4089,SMAD4,GO:0005634,cellular_component,nucleus,,1,3,16,2592,0.02579530770764494,0.034393743610193254,3.3698806029401727,5,11,0,4
E,2067,ERCC1,GO:0040007,biological_process,growth,,2,0,496,2114,0.03629156419731608,0.03629156419731608,3.316169955976875,1,10,1,0
T,7057,THBS1,GO:0007155,biological_process,cell adhesion,,1,1,47,2563,0.03642265054840089,0.03642265054840089,3.3125644300545662,2,7,0,1
A,214,ALCAM,GO:0007155,biological_process,cell adhesion,,1,0,47,2564,0.018376722817807802,0.036753445635615604,3.3035232989261107,2,7,0,1
E,2099,ESR1,GO:0043627,biological_process,response to estrogen,,1,42,1,2568,0.03266014969056057,0.03732588536064065,3.2880682155263323,4,1,1,1
S,6591,SNAI2,GO:0023052,biological_process,signaling,,5,12,261,2334,0.023373349665641648,0.03895558277606941,3.245333185073267,1,6,0,0
C,960,CD44,GO:0009986,cellular_component,cell surface,,1,3,20,2588,0.03179154994360947,0.03973943742951184,3.2254111982366784,2,1,1,2
F,2335,FN1,GO:0005604,cellular_component,basement membrane,,1,10,5,2596,0.025027165780863656,0.04004346524938185,3.2177897835900366,5,1,1,0
T,7157,TP53,GO:0040007,biological_process,growth,,20,137,478,1977,0.036205715513550125,0.04034351157224157,3.210324700858393,1,10,1,0
C,977,CD151,GO:0048870,biological_process,cell motility,,1,15,3,2593,0.02429190540462726,0.040486509007712106,3.206786471284099,2,12,1,0
P,5788,PTPRC,GO:0016020,cellular_component,membrane,,2,2,183,2425,0.027221060200376533,0.040831590300564796,3.198299225093341,2,16,0,1
A,472,ATM,GO:0006281,biological_process,DNA repair,,1,2,17,2592,0.020539482778149147,0.041078965556298294,3.19225907543897,5,15,1,0
C,1111,CHEK1,GO:0006281,biological_process,DNA repair,,1,2,17,2592,0.020539482778149147,0.041078965556298294,3.19225907543897,5,15,1,1
I,3569,IL6,GO:0046903,biological_process,secretion,,1,7,11,2593,0.03621563968871242,0.042251579636831155,3.1641135380238707,4,10,1,0
S,6615,SNAI1,GO:0005737,cellular_component,cytoplasm,,2,18,32,2560,0.026991282008700056,0.04241487172795723,3.1602562299411523,2,5,0,3
E,1956,EGFR,GO:0070849,biological_process,response to epidermal growth factor,,1,108,0,2503,0.041730474732083724,0.043717640195516286,3.1300035925304255,3,1,1,0
B,11177,BAZ1A,GO:0006338,biological_process,chromatin remodeling,,1,4,11,2596,0.022778093499087198,0.045556186998174396,3.0888088357805294,5,6,1,2
A,238,ALK,GO:0023052,biological_process,signaling,,6,18,260,2328,0.029295939401271242,0.04603647620199767,3.0783212358074517,1,6,0,0
B,675,BRCA2,GO:0051321,biological_process,meiotic cell cycle,,1,12,1,2598,0.009931184064558915,0.04694741557791487,3.0587271211067604,2,1,1,0
F,2263,FGFR2,GO:0040007,biological_process,growth,,4,4,494,2110,0.04784280752477638,0.04784280752477638,3.0398344853431305,1,10,1,0
S,6774,STAT3,GO:0006954,biological_process,inflammatory response,,1,11,5,2595,0.02727623806296567,0.049097228513338205,3.0139526915316432,4,5,1,0
M,2475,MTOR,GO:0016049,biological_process,cell growth,,3,45,38,2526,0.03810739498468496,0.04983274728766495,2.999082935002403,2,6,1,0
