"ID","Description","GeneRatio","BgRatio","pvalue","qvalue","geneID","Count","bonferroni","Benjamini","enrichment_fold"
"101","Hematopoietic stem cell","51/3651","59/11351",6.56886180027167e-18,2.30486378956901e-17,"3791/960/836/4851/7412/8842/5159/5728/7010/5175/5243/947/3673/3815/5788/4609/7852/4170/5420/216/3575/9429/4254/64866/7070/3672/2322/648/4602/6688/6776/3675/3674/945/3676/22918/3655/150696/4804/2022/2624/53947/3678/2057/6777/952/6504/7704/51744/1636/2122",51,1.15611967684781e-15,9.63433064039845e-17,2.69
"105","Germinal center B cell","6/3651","10/11351",0.0651292992025259,0.0195877591586544,"5788/928/5079/604/975/57379",6,1,0.0818768332831755,1.87
"106","Pluripotent stem cell","15/3651","18/11351",1.1188432298691e-05,6.82741864145904e-06,"4072/5175/5420/1009/6657/5460/79727/928/290/79923/9314/3655/2526/2719/5819",15,0.00196916408456962,2.85386099212988e-05,2.59
"107","Myeloid cell","67/3651","86/11351",2.85228188856565e-18,1.20096079518554e-17,"7422/920/100133941/7412/5175/947/7099/3815/3684/5788/1233/3572/356/2205/6614/57126/4311/969/6402/968/929/4843/3559/928/290/7097/2322/1378/1436/941/975/958/2214/3687/3674/945/9332/3676/7056/729230/3655/54106/917/3683/3685/942/2833/2526/2212/8809/7535/952/6693/3560/1234/348/915/131450/2811/8685/1088/6955/4353/51744/64581/23765/4065",67,5.02001612387555e-16,5.02001612387555e-17,2.42
"108","Granulocyte","13/3651","19/11351",0.00128081473918978,0.000528716094608784,"960/3684/5788/929/967/290/2214/3687/945/3676/2526/2212/1088",13,0.225423394097401,0.00221003327546472,2.13
"111","Non-classical monocyte","8/3651","11/11351",0.00690068066483436,0.00242129146134539,"3684/1524/929/2214/3687/945/2526/1088",8,1,0.0101209983084237,2.26
"113","Monocyte derived dendritic cell","14/3651","18/11351",9.23809753193997e-05,4.47094859380035e-05,"3684/140885/2205/929/2214/3687/945/6280/6279/2526/1471/1088/30835/911",14,0.0162590516562143,0.000186885651220855,2.42
"116","Eosinophil","37/3651","53/11351",2.03264254788388e-08,1.99034766010661e-08,"960/3576/100133941/3383/1048/3684/5788/963/2205/969/3565/929/2209/3559/928/1378/3903/3570/975/2214/3687/945/6280/3676/3596/2833/2526/3567/3965/728/2056/3566/6693/1230/1088/51744/1438",37,3.57745088427563e-06,8.31965321924564e-08,2.17
"119","Plasma cell","22/3651","47/11351",0.025228390078284,0.00817113848689359,"5175/3383/3815/7852/939/608/7494/928/6382/3903/975/6280/6279/3512/931/973/952/200958/639/930/124602/11040",22,1,0.0341553588752152,1.46
"120","Granulosa cell","89/3651","192/11351",2.48242752165938e-05,1.35744498792037e-05,"4790/5111/2335/4792/2597/1984/4313/3383/2731/10644/80312/8407/4173/7037/490/216/5230/1028/55256/5156/896/9037/2171/476/2026/6502/4162/8788/929/1382/64866/6863/5971/3627/23224/26471/3872/51477/4192/1116/8091/51537/6154/6696/2952/53827/9077/2878/1278/6280/3939/6164/9240/2192/1462/3119/391/900/3123/64344/9180/2719/1052/7311/1277/2628/5577/6136/10406/4239/7373/5552/127845/950/6205/10252/6233/6228/6208/397/6160/2319/729475/330/4493/3149/7764/10653/3428",89,0.00436907243812051,5.67412004950716e-05,1.44
"122","Beta cell","43/3651","111/11351",0.0840162167836487,0.0250888292000444,"3630/214/3481/4885/10103/5950/3651/334/23705/6092/846/1028/9037/9788/3375/8788/2778/240/8851/489/2990/3329/7049/4267/389692/2864/116/4825/6514/26585/54386/57818/169026/486/8835/2823/23678/5122/653/54361/4093/7812/9844",43,1,0.104871306056186,1.2
"126","Myoepithelial cell","8/3651","11/11351",0.00690068066483436,0.00242129146134539,"960/3688/4311/1001/10630/6606/3861/8626",8,1,0.0101209983084237,2.26
"127","Oviduct-derived stem cell","19/3651","19/11351",4.23006754687265e-10,6.36100382988368e-10,"960/214/7412/8842/5159/5175/3383/947/3815/5788/3688/9429/6657/5460/4162/7070/4907/3676/2022",19,7.44491888249586e-08,2.65889960089138e-09,3.11
"128","Cancer cell","44/3651","51/11351",1.49825340304246e-15,3.94277211326964e-15,"4072/142/999/960/4684/2064/57167/100133941/94025/4582/7431/2346/6928/5788/3856/3688/7490/5420/4286/216/8797/5460/768/7052/4162/7849/6382/5329/9520/3880/354/3875/3783/4804/2194/1999/10406/931/7299/2670/56901/6490/51360/2752",44,2.63692598935474e-13,1.64807874334671e-14,2.68
"133","Neural stem cell","57/3651","70/11351",2.24249087512873e-17,7.26312834049792e-17,"1499/4684/100133941/4851/7431/8842/6597/4853/6513/7852/10763/1000/3688/2263/6423/5156/9429/6657/6256/4162/64866/4440/5590/648/6662/4487/124540/975/861/1641/4345/3655/150696/5080/1809/2526/2264/4804/4920/9618/2624/9241/3398/2670/8650/2173/799/9289/3148/2551/429/11166/4288/27022/4760/7025/6664",57,3.94678394022657e-15,3.03598764632813e-16,2.53
"134","Cardiac progenitor cell","16/3651","19/11351",4.24005666490607e-06,2.66460748776501e-06,"3791/836/214/7412/947/3815/140885/3688/7490/846/9429/4254/2626/2526/3670/1482",16,0.000746249973023468,1.11380592988577e-05,2.62
"137","Germ cell","13/3651","37/11351",0.40872533096813,0.111028952385231,"1956/57167/3815/174/5420/5460/4440/79923/7022/2719/143689/639/9271",13,1,0.464101020970264,1.09
"14","Kupffer cell","6/3651","10/11351",0.0651292992025259,0.0195877591586544,"3684/968/929/3689/9332/2212",6,1,0.0818768332831755,1.87
"142","M2 macrophage","17/3651","23/11351",4.81268376225257e-05,2.53299145381714e-05,"8743/3553/3552/3586/7852/6347/2205/968/929/1436/948/383/9332/6778/30835/6362/4481",17,0.00847032342156452,0.000105879042769556,2.3
"146","Smooth muscle cell","8/3651","11/11351",0.00690068066483436,0.00242129146134539,"5175/1674/1003/4162/59/3274/10614/800",8,1,0.0101209983084237,2.26
"15","Adipose-derived stromal cell","23/3651","23/11351",4.45878665168471e-12,7.82243272225387e-12,"2152/960/214/7412/5175/947/5788/4609/3688/7037/1003/4311/6657/5460/8788/7070/290/79923/9314/4907/7056/4345/2022",23,7.84746450696508e-10,3.26977687790212e-11,3.11
"151","Neural crest cell","18/3651","23/11351",7.30503038190652e-06,4.52323862656751e-06,"4851/7431/6615/4853/6591/10763/3688/55636/50674/652/3676/1464/4804/8650/3695/655/429/27022",18,0.00128568534721555,1.89071374590522e-05,2.43
"153","Myeloid dendritic cell","14/3651","18/11351",9.23809753193997e-05,4.47094859380035e-05,"920/1236/3684/8829/941/958/80380/3687/3676/942/30835/911/9308/4065",14,0.0162590516562143,0.000186885651220855,2.42
"155","Follicular helper (Tfh) T cell","18/3651","25/11351",5.08987984390426e-05,2.64581148481053e-05,"5133/6774/920/3569/4311/959/604/3570/59067/29851/917/2833/4094/10563/643/915/6504/6955",18,0.0089581885252715,0.00011059492006508,2.24
"157","Basal cell","68/3651","103/11351",1.58803386537377e-12,3.03929926387325e-12,"4851/3958/3315/6901/894/9076/84951/5268/5327/27076/2171/857/7076/6281/10848/57402/6382/3872/140576/2817/57007/6273/2810/3728/360/23612/3854/6277/483/3489/7003/2877/79148/7056/5317/6279/977/653145/3655/1830/1475/3853/2192/9232/11005/441478/3861/3557/7791/2196/8626/135228/9982/5916/10457/3868/11187/822/1992/1308/6665/23682/286887/4501/80326/655/84171/1849",68,2.79493960305784e-10,1.27042709229902e-11,2.05
"158","Hepatocyte","16/3651","17/11351",1.52319654684734e-07,1.2575410087491e-07,"7082/4233/213/2244/3172/3856/174/1244/4311/6898/383/3880/1559/3875/7276/1373",16,2.68082592245133e-05,5.25652141657123e-07,2.93
"16","Oligodendrocyte","62/3651","155/11351",0.0232873656776982,0.00760093534971789,"4282/2197/6319/10382/4133/1938/10381/10399/9839/4130/23452/22933/1525/9788/2934/1012/94274/1718/4673/5027/7070/1902/4869/10857/2705/1806/203068/6446/4099/9168/28514/4155/1464/71/6218/9618/143282/7114/57142/41/65108/4830/6187/10188/2596/53826/3945/2173/3092/10683/5862/6228/27346/55612/6160/51421/514/1267/5653/4118/129807/28996",62,1,0.0317719097618208,1.24
"17","Mesenchymal stem cell","80/3651","96/11351",3.51215272835015e-25,3.69700287194752e-24,"999/920/960/836/2335/10891/4684/2064/100133941/4851/214/7412/7431/8842/5159/5175/3383/947/3673/3815/3684/5788/7852/963/10763/1000/682/966/3572/3688/7037/8829/5420/1003/5156/4311/3691/6657/1604/5460/4162/929/3952/967/7070/928/290/3672/3689/79923/4267/3693/7132/59/3675/975/976/958/972/80381/970/4907/3687/9332/3676/4345/3655/917/6520/1464/3685/4804/2022/659/3690/3678/3566/915/930/7704",80,6.18138880189626e-23,1.54534720047406e-23,2.59
"171","Intestinal stem cell","9/3651","11/11351",0.00101931436360686,0.00042918499520289,"960/100133941/214/2048/4440/648/6662/9201/8549",9,0.179399327994808,0.00179399327994808,2.54
"179","Lymphoid cell","40/3651","52/11351",4.02091624979703e-11,6.77206947334236e-11,"925/920/4684/947/3815/3684/5788/1233/356/22914/939/4311/969/6402/968/3575/1235/7072/2322/3903/3002/975/2214/3687/3001/3676/2833/8809/7535/952/6693/3560/924/11126/930/9436/51744/23765/259197/9437",40,7.07681259964277e-09,2.83072503985711e-10,2.39
"180","Multipotent progenitor cell","16/3651","51/11351",0.600447940541032,0.159006405969158,"2475/836/8842/947/5788/10733/7070/9112/6446/8318/9618/11156/5337/952/56892/3670",16,1,0.66464677695108,0.98
"185","Megakaryocyte","19/3651","28/11351",0.000113250853415451,5.24006262188321e-05,"5175/6403/947/5874/6657/5460/929/928/5196/3674/945/3655/3685/2526/3690/5552/2811/5819/5473",19,0.0199321502011194,0.000219034617594718,2.11
"19","Osteocyte","7/3651","11/11351",0.0317463867134338,0.00990140716208462,"960/2335/2697/6678/10630/633/8074",7,1,0.0413878819375137,1.98
"193","Ciliated cell","55/3651","265/11351",0.999989042151225,0.239234449760766,"2879/4255/283/3429/3320/6236/7431/56925/10103/5631/801/966/10383/6391/55851/7358/7351/1728/7430/8000/5052/27241/1520/223/57405/5349/29904/3490/11076/56950/6647/1069/10670/9240/345895/57106/8190/122961/467/2054/114757/5573/10856/25824/8607/10969/124602/93099/2021/10409/6359/6119/403/54914/831",55,1,1,0.65
"204","Activated CD4+ T cell","11/3651","11/11351",3.77321128516204e-06,2.4071523350316e-06,"920/5788/3688/7037/969/1235/929/3559/2833/952/930",11,0.000664085186188519,1.00618967604321e-05,3.11
"213","Basophil","30/3651","39/11351",1.16805112065861e-08,1.22952749543012e-08,"960/3383/3916/7099/3815/3684/5788/2205/969/959/967/3559/928/290/7097/4086/2214/945/729230/54106/3683/2526/2624/728/8809/952/6693/1234/7096/930",30,2.05576997235916e-06,5.1394249308979e-08,2.39
"217","Neuron","48/3651","82/11351",7.3167736812787e-07,5.22160476808471e-07,"3791/6714/4684/961/100133941/1036/214/7412/112476/8842/596/3897/6750/1524/140885/10763/1000/4133/8829/10381/6855/5621/2026/1440/7070/5079/57007/5649/3589/4744/4741/2353/170302/4345/2526/4804/4094/567/2057/10507/23114/2670/1634/5819/1466/1636/1750/4760",48,0.000128775216790505,2.18263079305941e-06,1.82
"223","Naive T cell","11/3651","12/11351",3.19558387854463e-05,1.72501154037497e-05,"925/920/1236/5788/939/6402/3575/917/1234/915/926",11,0.00562422762623855,7.21054823876738e-05,2.85
"225","Effector memory T cell","9/3651","10/11351",0.000260233465308424,0.000116565941907469,"925/920/960/1236/5788/939/6402/3575/8320",9,0.0458010898942826,0.000487245637173219,2.8
"226","Effector T cell","17/3651","18/11351",5.16470230874956e-08,4.72741630091492e-08,"5133/925/920/3902/5788/939/969/6402/3559/3604/84868/943/7293/29851/151888/3560/30009",17,9.08987606339922e-06,1.97606001378244e-07,2.94
"229","Cardiomyocyte","17/3651","29/11351",0.00293724584933906,0.00114216364439436,"214/2697/7412/1674/140885/87/2627/2626/2170/652/5108/116844/4208/2702/6997/6910/1482",17,0.516955269483674,0.00477424403356843,1.82
"230","M1 macrophage","22/3651","27/11351",1.81008450338435e-07,1.43800159156651e-07,"1236/6403/7099/6772/6401/6402/968/3575/2209/3559/3627/7097/941/10461/2214/942/2212/3554/706/64581/3663/23765",22,3.18574872595645e-05,6.01084665274802e-07,2.53
"232","Keratinocyte","8/3651","10/11351",0.00262332335485073,0.00106207423273309,"960/947/3856/3688/7037/3880/3655/3861",8,0.461704910453729,0.00443947029282432,2.49
"24","Natural killer cell","67/3651","90/11351",1.83574940698292e-16,5.52105084806892e-16,"925/920/4684/947/3916/3673/3815/3684/10663/5788/1233/356/22914/939/4311/3558/969/6402/919/968/3575/1235/3600/3672/1803/2322/3903/27036/3002/975/3577/861/2214/2669/3687/3001/3676/917/6348/2833/2625/3606/2212/5551/914/8809/10666/7535/201633/3398/952/6693/6375/3560/1230/9760/924/11126/915/930/9436/51744/30009/23765/570/259197/9437",67,3.23091895628993e-14,2.30779925449281e-15,2.31
"244","Stromal cell","41/3651","43/11351",2.33030760432285e-18,1.0902023879873e-17,"960/4318/214/7412/7431/8842/5159/4313/5175/3383/947/7099/3384/3815/5788/4312/3688/5156/4311/10630/7076/4162/7070/290/3672/7097/7098/4060/4907/8174/3676/1289/4055/3685/26585/4804/2022/683/7077/3690/7096",41,4.10134138360821e-16,4.5570459817869e-17,2.96
"249","Stem cell","68/3651","76/11351",1.93975799285299e-25,2.72246735839016e-24,"1499/4072/999/3791/960/836/4684/57167/4851/214/7412/7431/8842/5175/947/860/2321/3815/5788/1789/7852/58/10763/174/3688/7037/216/1003/5156/9429/6657/5460/79727/4162/8788/4440/7070/928/290/1803/2950/648/79923/6662/9201/943/861/3880/9314/8549/4907/6868/3875/4070/4345/3655/5080/1464/3685/2526/4804/3381/2022/931/8626/24137/1438/5081",68,3.41397406742126e-23,1.13799135580709e-23,2.78
"25","Cancer stem cell","143/3651","169/11351",8.9669915660399e-46,3.77557539622733e-44,"7422/1499/1956/6774/4072/3082/960/2735/3429/836/4684/2064/961/57167/100133941/3309/6608/214/4582/2697/4233/4680/8842/3552/5728/7010/5175/596/3383/5243/947/3897/5727/7099/2321/3673/3815/1524/5788/4609/894/3856/7852/10763/1000/174/11335/2146/54474/2305/3688/23028/7037/23705/5420/216/939/4771/4311/6925/8000/10630/3280/23326/9429/6657/1604/5460/55636/79727/929/4440/3559/7070/928/6382/290/3672/2736/6376/1803/648/5329/6566/4102/79923/81607/182/84868/6662/3162/9201/54567/124540/3570/3675/3577/10765/3880/6659/9314/8549/4907/7293/1045/10562/7128/3875/3676/4070/977/2034/3655/219/2526/7032/2212/4804/2022/2719/3861/4094/931/3690/53947/8626/3678/914/4615/952/2670/91653/389421/924/9271/930/1438/2319/429/4288/4781/6664/10225",143,1.57819051562302e-43,1.57819051562302e-43,2.63
"250","Microglial cell","235/3651","480/11351",4.39645569192868e-15,1.08890543453342e-14,"595/3479/920/308/2030/81671/100133941/4792/472/5925/3725/10312/3916/7099/3684/1524/5788/2357/140885/54918/963/6347/2/3925/3164/3920/1508/3572/334/1050/10381/10163/2876/9535/10097/7351/2896/6925/7494/10630/5947/2171/4478/968/9429/2934/5155/929/58191/388/2209/1520/712/3107/967/240/7538/5027/834/10577/23224/373156/10618/7409/1601/3689/29108/51284/182/6303/4192/3106/6195/84268/84868/1436/3903/1958/7132/1535/5464/29760/948/10461/6696/3570/2353/4758/597/975/861/6659/958/972/8569/558/2214/29116/1509/3687/2589/4627/5265/6446/8754/718/6351/7133/6282/2621/154/3337/1641/9240/8635/409/2908/1997/79969/10287/7094/2192/2040/391/1843/311/6404/6348/942/5166/307/8673/64805/1514/2212/2548/10365/51411/1536/1052/7077/1880/2628/3726/4205/4094/5654/11342/2350/9306/6261/341/5176/677/7832/5552/567/728/126259/3635/55315/161742/10971/11031/5777/2354/10487/51162/1075/4616/10981/1627/4056/3304/81704/54947/678/6857/1230/9592/53826/3987/79651/4067/5660/4929/9249/5269/11151/3133/2173/4826/8870/1266/348/10252/2823/79365/9709/4689/1466/684/83483/10870/397/1960/7001/4938/23765/23643/1794/2512/2771/9308/5937/7305/54209/23166/2313/3603/4212/4973/5216/10320/3055/5724/55198/6892/5476/347733/4781/2752/6664/3428/10095",235,7.73776201779449e-13,4.5516247163497e-14,1.52
"251","Embryonic stem cell","25/3651","30/11351",1.03799530186575e-08,1.12064270106963e-08,"7015/4072/999/100133941/8842/5175/3815/1233/1789/966/3688/5420/1001/9429/6657/5460/79727/7070/928/79923/943/3655/2526/7855/4804",25,1.82687173128371e-06,4.68428649047106e-08,2.59
"254","Progenitor cell","22/3651","27/11351",1.81008450338435e-07,1.43800159156651e-07,"4072/960/836/4684/100133941/214/8842/947/174/3688/9429/4162/8788/7070/3880/3855/4907/3655/259266/2022/8626/2319",22,3.18574872595645e-05,6.01084665274802e-07,2.53
"256","Astrocyte","201/3651","447/11351",5.49090378662818e-09,6.24853915974758e-09,"3082/2152/308/100133941/3091/4792/214/3959/3400/3958/2697/7412/7431/112476/5159/3725/3315/4853/3897/2202/140885/575/23209/3371/3925/6319/389/4854/8829/7345/10381/5445/590/7078/84620/3397/7430/5339/26227/3691/10630/3280/2171/3956/84525/2495/6657/5033/54894/92737/7076/388/2006/3105/3107/967/7538/928/23205/140576/10991/19/8991/3066/79923/2261/7035/780/3106/54443/6285/6662/27122/3490/941/6934/3977/6695/2737/10291/6752/5909/2353/5764/6659/958/4023/2195/1312/4915/4907/203068/2878/3732/8671/10979/9547/9168/2034/1491/23462/1191/5270/23328/6520/3685/942/3487/7857/91851/64344/1514/112399/652968/9444/64221/406/18/2746/2199/30008/2628/3726/9368/1363/3176/6565/5654/467/11343/677/1901/7832/1605/567/728/10840/873/771/57447/11031/2354/3032/6506/3931/6509/4616/3398/4240/255743/1910/2670/678/6857/9592/4067/5660/53373/183/4942/7059/5269/3133/2173/10226/12/1634/1471/9415/1266/348/9289/10252/1942/5625/117/818/5825/57580/9935/28984/1466/388585/477/4501/3727/5028/90865/10611/655/56262/10253/4493/2115/29968/7145/10418/2752/6664/9071/5954",201,9.6639906644656e-07,2.61188936877449e-08,1.4
"26","Endometrial stem cell","22/3651","24/11351",1.84880809627416e-09,2.28954563006088e-09,"960/214/7412/8842/5159/5175/3383/947/3815/5788/10763/3688/9429/6657/5460/4162/4440/7070/8549/4907/3676/2022",22,3.25390224944252e-07,9.57030073365448e-09,2.85
"264","Multipotent mesenchymal stroma cell","10/3651","10/11351",1.17528121903385e-05,6.8729895849933e-06,"947/3684/5788/929/7070/4907/4804/2022/973/930",10,0.00206849494549958,2.8729096465272e-05,3.11
"27","Dental pulp stem cell","14/3651","15/11351",1.31063423936124e-06,8.75946024635751e-07,"960/947/3684/5788/3688/216/4162/929/7070/928/290/4907/10989/2022",14,0.000230671626127579,3.66145438297744e-06,2.9
"274","Osteoblast","15/3651","26/11351",0.00631542458422139,0.00231228360063026,"960/214/10312/860/5788/7070/11091/4907/3685/2022/8792/6909/6910/799/6926",15,1,0.00966534545063447,1.79
"278","Naive CD4+ T cell","18/3651","35/11351",0.0138373692432179,0.00469859736611815,"920/1236/5788/4609/7294/6402/87/3575/1604/6932/5578/6304/2272/26119/1880/6840/9840/4118",18,1,0.0196401369903739,1.6
"282","Epidermal stem cell","12/3651","14/11351",5.46426970327916e-05,2.80578675393025e-05,"10413/947/10763/3371/3688/4179/8324/4345/3655/3861/8626/2535",12,0.00961711467777132,0.000117281886314284,2.66
"289","Leydig cell","123/3651","379/11351",0.470956560479555,0.127113781505953,"7422/4790/1019/1021/3429/214/9353/1984/3485/64399/6513/6772/10644/7852/664/4953/80312/9131/3572/1647/5230/55959/1009/1028/5290/5947/1147/6502/55233/444/6275/928/11091/5501/290/7045/7295/8643/57104/3329/182/64132/7049/5580/64798/8050/6159/10857/54808/6277/51537/10242/837/26986/9077/31/2690/51280/8019/8260/708/2280/5151/50937/1537/219/10490/57122/3912/2264/2022/83440/200916/3640/8379/1301/6542/3615/2938/5577/114132/5525/6136/79751/341/10645/163/93183/9045/55315/11031/5777/65010/5318/4830/6187/6202/23408/858/3028/10873/23621/8607/283849/6201/2516/11030/348/1291/6210/7088/9935/6208/26039/3910/6770/6128/11261/6139/83660/29968/5902/54815",123,1,0.531335606694882,1.01
"29","Adipose-derived stem cell","35/3651","35/11351",5.12870058606106e-18,1.96313898031045e-17,"2152/960/7412/5159/5175/3383/947/3815/5788/4609/10763/966/3688/7037/1003/4311/6657/1604/5460/4162/929/7070/928/290/3672/79923/9314/4907/3687/3676/7056/4345/3683/4804/2022",35,9.02651303146747e-16,8.2059209376977e-17,3.11
"291","Dendritic cell progenitor","10/3651","14/11351",0.00298390252098027,0.00114216364439436,"947/3815/1524/5788/6614/2322/1436/558/945/1438",10,0.525166843692527,0.00477424403356843,2.22
"308","Glial cell","12/3651","15/11351",0.000192679354504772,8.81827709403992e-05,"7431/5159/3684/5788/5156/968/929/4747/2261/4155/2670/2173",12,0.0339115663928399,0.000368603982530868,2.49
"31","Regulatory T (Treg) cell","222/3651","470/11351",2.72486817931519e-12,4.98831703307129e-12,"84557/1499/7040/1026/1029/920/8878/81671/1493/3958/23468/2597/3315/4088/3902/634/3586/3673/10663/54704/1233/2182/894/54918/5315/9636/4174/4170/259230/966/389/334/7037/7415/23705/8829/415116/5906/2308/2821/3251/1647/490/3516/10135/8850/939/2876/5230/1890/10678/57126/55256/6249/5663/10855/7351/2896/5052/6402/60672/3575/1235/54434/5621/9235/50943/1495/3927/3559/834/10577/54790/23710/355/3604/7421/5366/1803/54541/6566/2023/5106/6303/9806/84868/941/943/481/4000/59/3799/6776/57590/8202/102/10765/51564/6659/972/1435/10552/6385/94241/10935/571/1509/970/5062/4907/835/7293/10130/7133/3732/7128/5993/3676/29851/3783/2280/11337/27101/5270/917/6520/9232/6404/2833/2625/4644/10956/808/9375/5500/51065/7334/3554/9585/4739/2650/2153/2806/2615/4094/51079/135/56672/51150/677/115362/1439/2004/3455/55252/5573/10148/11156/3032/1075/5606/143903/201633/25824/901/7187/3028/26586/3560/3304/1230/1808/9246/7185/64857/1643/10912/9760/924/7341/639/915/10011/6504/149603/3030/9709/55423/7273/4689/684/6955/64581/5966/92906/1846/3663/4938/51513/27018/9308/2826/7167/4940/4077/330/64764/4599/10379/11221/57175/4065/4049/11040/5476/109/10553/8784/64759/10095/7172/3588",222,4.79576799559474e-10,2.0851165198238e-11,1.47
"310","Neuroendocrine cell","38/3651","79/11351",0.00222466269978679,0.000909417557398792,"3553/60312/4609/2182/4953/57510/10381/2026/4904/9900/4843/301/9804/2246/6566/3066/3329/563/102/6659/4824/23135/51561/57026/3198/307/9771/1363/114793/3955/3398/23401/117584/64782/639/429/347733/3782",38,0.391540635162476,0.00380136538992695,1.5
"317","Acinar cell","51/3651","96/11351",1.60602590262826e-05,9.13812746872408e-06,"4792/4582/213/6035/284340/5644/57016/6690/5319/5068/2813/7358/51809/10105/5967/9235/26471/290/648/7113/563/5646/1056/6385/6648/6446/23436/50506/2938/5406/11330/4069/342898/5645/771/8644/343/586/1208/3816/440387/57817/721/50624/1360/27346/2267/5968/29968/405753/64714",51,0.00282660558862573,3.81973728192667e-05,1.65
"318","Alpha cell","40/3651","99/11351",0.0508846421064018,0.0156387682232507,"2191/2638/10533/2641/2744/2159/23022/8473/5241/5581/6594/444/9365/1803/948/170302/137868/3778/29072/53827/5352/1191/7276/51196/135/115827/50859/5771/51162/220988/10948/10912/9415/3148/818/9935/84171/3149/139760/6272",40,1,0.0653700511731877,1.26
"319","Delta cell","12/3651","18/11351",0.0027767145369023,0.00111346948848213,"6750/5950/2487/2066/5453/26298/79365/5122/3670/2566/2115/11168",12,0.488701758494805,0.00465430246185529,2.07
"321","Oocyte","27/3651","87/11351",0.629071497596061,0.164516900319336,"1385/1062/6500/56992/10257/22934/10810/64801/114569/3912/25996/80145/5796/5611/64769/5423/79659/25890/56907/23421/84131/8863/1266/22795/9937/5494/57669",27,1,0.687680643334824,0.96
"322","Oligodendrocyte progenitor cell","41/3651","111/11351",0.163476091533313,0.0471452318769467,"308/100133941/214/6678/4313/1848/389/10381/5445/590/5156/9037/23452/5327/22933/967/928/81848/6285/5764/6659/3732/1641/9168/5270/65217/1464/4821/2628/567/11031/1910/6857/1471/10252/1466/1267/55553/2037/2115/29968",41,1,0.197067069245637,1.15
"324","Purkinje cell","14/3651","26/11351",0.017890462826356,0.0059313594119705,"221120/6271/491/490/10013/4975/489/5152/4155/1191/18/3710/2670/5592",14,1,0.0247930823420367,1.67
"33","Urine-derived stem cell","14/3651","14/11351",1.24719108015465e-07,1.07170017628756e-07,"960/100133941/8842/5175/947/3815/5788/3688/5460/4162/929/7070/4907/2022",14,2.19505630107218e-05,4.47970673688201e-07,3.11
"332","Mast cell","57/3651","125/11351",0.00110015262306818,0.000458635799090434,"100133941/4792/5743/3815/5058/5788/2182/3067/23430/374/2205/7078/3558/969/64754/2209/240/3559/928/19/1378/1958/9588/4000/116/3570/4914/1435/945/3732/10395/154/3976/23462/1191/917/2526/307/2212/2624/25825/79083/914/57447/6571/6693/4056/822/1471/915/399/64332/1438/9794/695/1511/3848",57,0.19362686166,0.00191709764019802,1.42
"333","Nephron epithelial cell","6/3651","24/11351",0.833860910517766,0.210239120206181,"7412/7490/5420/6521/10864/359",6,1,0.878799522461837,0.78
"334","Activated T cell","13/3651","15/11351",2.01335326647965e-05,1.11543117256491e-05,"925/920/939/969/959/940/3559/355/3604/7293/917/915/4288",13,0.00354350174900419,4.66250230132131e-05,2.69
"335","Fat cell (adipocyte)","11/3651","25/11351",0.146260558140462,0.0424713054491361,"5468/10891/9370/123/2167/6517/8788/3952/3604/11001/28965",11,1,0.177530056777389,1.37
"338","CD8+ cytotoxic T cell","10/3651","11/11351",9.15488212421034e-05,4.47094859380035e-05,"925/8743/7124/3458/3916/356/3002/917/5551/915",10,0.0161125925386102,0.000186885651220855,2.83
"34","Fibroblast","31/3651","33/11351",1.23511754168241e-13,2.88916384019278e-13,"2191/960/961/7431/5159/5175/947/1674/3684/5788/3688/5156/4311/929/7070/5783/59/948/975/976/1281/4907/4035/6868/5818/4804/2022/3554/1301/1277/930",31,2.17380687336105e-11,1.20767048520058e-12,2.92
"341","Conventional dendritic cell","14/3651","18/11351",9.23809753193997e-05,4.47094859380035e-05,"1236/7099/140885/929/7097/2322/958/80380/3687/3676/7056/54106/911/4065",14,0.0162590516562143,0.000186885651220855,2.42
"343","Mesoderm cell","17/3651","20/11351",1.59256735209501e-06,1.04774167900988e-06,"960/7412/5175/3383/1000/3688/7037/4311/929/7070/290/4907/3676/3655/2526/2022/921",17,0.000280291853968722,4.37956021826128e-06,2.64
"346","Induced pluripotent stem cell","26/3651","36/11351",9.4474234227536e-07,6.52108605539507e-07,"6774/4087/4088/3688/5420/9429/6657/5460/79727/79923/9314/688/23512/64115/4070/3655/2526/4094/91/10637/6909/93/389421/6910/6926/7162",26,0.000166274652240463,2.72581397115514e-06,2.25
"347","Endothelial stem cell","18/3651","19/11351",1.74573828104943e-08,1.79279926166822e-08,"7412/5175/6403/3383/947/3384/3815/5788/3688/6402/4162/929/7132/7133/3676/3655/2022/3678",18,3.07249937464699e-06,7.49390091377314e-08,2.95
"348","Exhausted T cell","15/3651","16/11351",4.47672946996416e-07,3.36596200749185e-07,"5133/925/920/1493/3902/84868/29851/917/151888/201633/8320/11126/915/51744/10225",15,7.87904386713693e-05,1.40697211913159e-06,2.91
"349","Follicular B cell","18/3651","22/11351",2.27591104933902e-06,1.4742743639443e-06,"5133/100133941/5788/2308/939/969/959/5079/3604/941/604/1879/975/958/23308/942/931/10320",18,0.000400560344683667,6.16246684128718e-06,2.54
"35","Immune cell","28/3651","40/11351",1.00878457366015e-06,6.85082902315889e-07,"920/4684/3684/5788/963/969/929/940/290/3689/3903/917/3683/942/2212/921/931/914/6693/1234/924/915/55423/930/30835/9308/57823/10225",28,0.000177546084964186,2.86364653168042e-06,2.18
"351","Granulocyte-monocyte progenitor","62/3651","114/11351",7.03620192265336e-07,5.1079505790587e-07,"3082/81671/4582/7431/947/7099/5788/83540/23430/4173/334/374/4175/7272/4311/1728/6402/3956/8975/5140/1356/811/26060/9134/301/4605/2322/29128/10241/3490/79801/6385/1033/10128/221150/10417/55388/7416/3939/1991/1475/10673/259266/63967/2212/2650/9241/3455/1326/5337/952/1992/4353/5836/64167/8530/56670/2162/5657/1511/10225/10635",62,0.000123837153838699,2.13512334204654e-06,1.69
"352","Hemangioblast","10/3651","10/11351",1.17528121903385e-05,6.8729895849933e-06,"999/3791/8842/7010/5175/947/5420/1003/2050/1636",10,0.00206849494549958,2.8729096465272e-05,3.11
"356","Marginal zone B cell","8/3651","13/11351",0.0278898444205023,0.00876350178177605,"4853/5788/959/928/5079/1879/975/912",8,1,0.0366314374478239,1.91
"357","Megakaryocyte erythroid cell","66/3651","90/11351",1.10956373618788e-15,3.11456487350984e-15,"5133/925/920/4684/1493/5159/5175/6403/947/3684/5788/1233/3572/6401/8829/356/22914/939/5156/4311/969/6402/968/3575/1235/3559/928/290/2322/941/3002/3570/975/2214/912/4907/3687/3001/3676/729230/29851/4345/917/942/2833/921/914/973/7535/952/6693/3560/1234/643/924/11126/348/915/131450/3578/6955/51744/911/23765/9308/2826",66,1.95283217569067e-13,1.30188811712711e-14,2.28
"36","Endothelial cell","221/3651","380/11351",2.66619786046936e-26,5.61304812730392e-25,"7422/4072/999/920/4255/3791/6935/2152/1977/960/6480/1786/2335/5888/4684/961/100133941/214/7412/8842/9353/5728/7010/5175/3315/6403/3383/6591/947/2321/3384/1364/3815/3684/2324/5788/3643/2157/7852/7520/1000/664/2/682/701/3925/9590/8824/3688/100506658/6401/7037/2260/8829/5420/1003/590/1890/2263/1028/7272/7078/302/55669/1084/608/10630/8795/10894/6711/3280/4846/6402/2171/23397/9429/8797/113130/3146/4162/8788/6275/332/4249/7070/9184/1601/290/4086/3689/5649/11167/840/4192/10951/51266/9787/3070/1968/2149/7132/3977/948/975/5764/3880/7450/6659/9294/958/55771/9314/8549/4907/10460/203068/8019/1832/7133/10395/3875/3676/3939/7056/22918/55835/2280/977/1997/6489/27253/23328/9232/4071/2114/900/4628/1514/4804/2022/2719/1776/3554/22900/9585/51185/4082/8888/1739/6632/84321/358/3690/53947/51426/84668/3678/1901/7114/2004/706/4615/4208/2057/1238/586/2354/3418/51162/2050/53826/23421/1808/3987/5286/51741/10769/1948/55215/57124/3133/11126/79577/9452/10266/2811/6504/3184/1108/5819/710/10615/8621/8547/30835/4521/684/83483/1636/3910/5118/3835/3695/25780/9735/8543/90865/9493/23166/4212/5216/3149/6358/11169/5902/286053/4781/3428/7075/1292/83700",221,4.69250823442608e-24,2.34625411721304e-24,1.81
"363","Neural tube cell","10/3651","14/11351",0.00298390252098027,0.00114216364439436,"4851/7852/9429/4162/355/51311/975/3655/2526/4804",10,0.525166843692527,0.00477424403356843,2.22
"365","Primitive endoderm cell","57/3651","95/11351",1.99740990560823e-08,1.99034766010661e-08,"3479/2335/5443/6035/6928/80781/3815/3172/1000/23705/2185/216/3026/1009/5156/10630/6091/5033/100507056/2627/3170/5295/1803/2626/79923/336/253782/154810/1284/23436/335/2487/5308/5270/84870/650/3156/5627/2719/4811/2266/4082/10672/5608/90102/23767/3398/1282/80760/799/22795/27063/10468/1846/221833/4093/1510",57,3.51544143387048e-06,8.31965321924564e-08,1.87
"367","Pyramidal cell","3/3651","13/11351",0.8410620054221,0.21079248256193,"4133/55079/5453",3,1,0.881112577108866,0.72
"368","Radial glial cell","10/3651","11/11351",9.15488212421034e-05,4.47094859380035e-05,"7431/10763/1000/3371/3280/6657/5080/2670/2173/388585",10,0.0161125925386102,0.000186885651220855,2.83
"37","T cell","79/3651","106/11351",3.16920234700108e-19,1.66800123526372e-18,"5133/925/920/960/4684/1493/5159/5175/1236/6403/947/3684/5788/1233/3572/6401/8829/7345/356/22914/939/5156/4311/3558/969/6402/968/3575/1235/50943/940/3559/7070/928/290/1803/2322/84868/941/3002/3570/975/2214/912/4907/3687/3001/3676/729230/29851/4345/917/942/2833/151888/921/931/914/8809/973/7535/952/6693/3560/1234/643/924/11126/348/915/131450/6504/3578/6955/51744/911/23765/9308/2826",79,5.5777961307219e-17,6.97224516340237e-18,2.32
"370","Specialist antigen presenting cell","37/3651","49/11351",5.56885245117316e-10,7.56380638529461e-10,"999/7412/947/3815/3684/5788/8829/6614/4311/968/3575/1235/7097/2322/51284/1436/3903/941/975/958/912/4907/3687/945/3676/7056/729230/54106/942/2833/921/952/30835/911/64581/9308/4065",37,9.80118031406476e-08,3.16167106905315e-09,2.35
"371","T helper9 (Th9) cell","9/3651","12/11351",0.0029087162538513,0.00114216364439436,"920/3586/3565/917/2625/6778/915/3578/6955",9,0.511934060677829,0.00477424403356843,2.33
"372","Myeloid conventional dendritic cell","11/3651","16/11351",0.00292208923578981,0.00114216364439436,"3684/140885/23705/2205/1803/3687/7056/151888/914/10666/911",11,0.514287705499006,0.00477424403356843,2.14
"377","Pancreatic polypeptide cell","8/3651","18/11351",0.191815787626526,0.0545706365936061,"3400/9607/360/5080/3398/1960/4212/2115",8,1,0.228105260961274,1.38
"380","Idiopathic pulmonary fibrosis cell","10/3651","15/11351",0.00637719744068573,0.00231477221077522,"3586/10630/4586/25803/208/727897/4804/3861/1277/8626",10,1,0.00967574784104042,2.07
"384","Trophectoderm cell","56/3651","100/11351",6.81504107967776e-07,5.03419470336307e-07,"100133941/1364/4609/120071/3856/963/8407/26509/7037/23022/250/1365/64078/87/9429/79977/10577/54790/1601/140576/7113/7049/309/57111/6277/2170/3880/7003/3875/4646/4070/5154/9052/7476/2625/8673/2348/10568/2624/6542/2194/9846/2274/4036/9124/3092/8140/1942/725/9208/10409/9829/8395/55568/831/9071",56,0.000119944723002329,2.10429338600576e-06,1.74
"385","Epiblast cell","36/3651","94/11351",0.122299654762021,0.0360102038312908,"841/6236/4585/6387/4838/2203/2118/6657/5460/11184/8837/9644/79923/6303/7473/63978/943/79805/51561/219699/151888/9070/26119/373863/2249/6997/822/5269/1636/4501/8604/1374/6998/2115/11040/5090",36,1,0.150522652014796,1.19
"386","Interneuron","15/3651","32/11351",0.058336087044614,0.0177989586711255,"7431/7852/9118/4192/170302/29089/3939/2066/9232/4094/26468/4208/11065/3148/4760",15,1,0.0743996472453048,1.46
"388","Naive CD8+ T cell","33/3651","92/11351",0.254912785061688,0.0710805953465842,"3480/472/328/1236/4609/7294/5163/1938/10399/6711/6402/87/51176/5140/1604/6932/4869/4907/2289/25992/26119/1880/9241/22877/6202/53373/57124/3945/944/11168/4118/1606/10653",33,1,0.297116888548722,1.12
"389","Effector CD8+ memory T (Tem) cell","38/3651","82/11351",0.00498071718866403,0.00185587971631636,"11186/5908/841/5829/6513/3684/1524/2316/8407/7414/9839/3956/9788/6733/9467/114879/7049/3002/101/11034/2214/10417/154/4155/10287/51411/9368/5579/23345/10123/10859/84131/170384/9289/79026/30009/2268/2752",38,0.876606225204869,0.00775757721420238,1.44
"39","Dendritic cell","29/3651","38/11351",2.82062708030768e-08,2.69916467015088e-08,"3569/7124/947/3684/5788/8829/6249/968/1235/929/290/1378/51284/941/958/3687/945/27074/4035/7056/1191/54106/942/6504/8728/30835/911/9308/3665",29,4.96430366134151e-06,1.12825083212307e-07,2.37
"390","Mucosal-associated invariant T cell","30/3651","68/11351",0.0255315383377747,0.0082061995460907,"7124/4792/6097/860/2081/2324/1235/5621/959/1803/9806/27122/123036/8569/729230/1843/1512/1052/5165/126259/8809/6095/1230/11126/6504/7088/7704/4199/259197/54843",30,1,0.0343019141026591,1.37
"391","Exhausted CD8+ T cell","122/3651","258/11351",2.25155662014138e-07,1.75559970381394e-07,"1499/5133/6774/847/836/308/81671/3458/1493/2530/7412/2597/3902/10663/60489/2182/894/2731/5315/81/4170/1508/7037/356/3516/5445/939/1890/5873/9619/29110/54434/1495/2590/967/54790/23710/3604/5781/3399/10018/10241/84868/5066/3162/10982/1435/1509/970/7133/3732/7128/5993/3939/29851/2280/4345/54625/6348/2625/10956/9260/808/9585/4739/2650/3660/57819/2130/55601/10459/10563/677/5552/5900/405/5573/5763/5606/143903/201633/3892/3398/25824/952/3560/5359/9246/3987/6709/4929/84959/9760/924/5686/8536/639/9452/55423/399/4689/684/92906/1846/9049/8638/868/9784/7167/4940/2115/403/4599/4522/10379/1460/5214/26191/64759/3428/3984/10095",122,3.96273965144882e-05,7.33840676194226e-07,1.47
"392","Exhausted CD4+ T cell","50/3651","112/11351",0.00368595567813486,0.00138569762335897,"84557/5133/1029/6935/3458/1493/2530/2597/3673/5315/3516/4968/3927/3190/5781/9806/84868/2149/59067/1509/3732/29851/1213/2908/6489/9232/151888/523/4094/10563/5552/5573/201633/7187/952/26586/2935/9246/3987/9760/8536/9452/944/55423/8728/684/1846/51513/7167/8784",50,0.648728199351735,0.00579221606564049,1.39
"393","CD4+ cytotoxic T cell","44/3651","89/11351",0.000501843815355375,0.000222423851681052,"11186/5908/5829/5727/6513/1524/2/864/7414/9839/84525/6352/9467/114879/23224/2950/7049/3002/11034/2214/3001/6351/10417/154/4155/5551/60675/8644/6693/23345/10123/10859/84131/170384/9289/3004/5730/79026/51744/5775/57823/2268/8530/2752",44,0.0883245115025459,0.000929731700026799,1.54
"396","Liver bud hepatic cell","80/3651","198/11351",0.00840384746848374,0.00290037876392882,"2638/3240/961/10376/4233/6236/7431/213/3315/462/4609/9076/140885/5004/4170/3251/637/11259/5873/10105/5054/5947/2495/7076/7052/388/4495/6364/7045/840/2810/56655/563/6277/23541/4782/5478/6648/51053/84141/2289/3929/1894/26499/144402/1361/350/3487/204/9260/9180/3554/6288/2153/3075/11343/3242/9971/5176/259/3455/11031/4830/10981/5446/2180/6694/12/125476/486/4501/8542/8740/51083/4493/5271/2770/5031/5005/7277",80,1,0.0121235832332225,1.26
"398","Secretory cell","37/3651","73/11351",0.000752486907082769,0.000326635662325673,"3576/4680/5420/7494/1356/7052/3105/290/6376/2919/92304/972/718/6372/8671/124220/5308/3119/727897/51442/3123/10568/3965/3554/5284/3075/2920/1075/6590/10769/11254/629/12/51421/90993/5266/3113",37,0.132437695646567,0.00136533706852131,1.58
"399","Brush cell (Tuft cell)","36/3651","77/11351",0.00517133543122151,0.00191000385271339,"3553/60312/4609/2182/4953/57510/10381/4904/4843/301/9804/2246/6566/3066/3329/563/102/6659/4824/23135/51561/57026/3198/307/9771/1363/114793/3955/3398/23401/117584/64782/639/429/347733/3782",36,0.910155035894985,0.00798381610434198,1.45
"4","Primordial germ cell","13/3651","23/11351",0.0135396010690047,0.00463486557775086,"4072/4089/890/6657/5460/4086/63978/4090/3655/2526/5451/952/639",13,1,0.0193737381149986,1.76
"40","Neutrophil","77/3651","121/11351",9.53791817478046e-13,1.9123645463219e-12,"960/3576/4318/100133941/4680/5175/634/5743/7099/3684/5788/978/2357/6286/133/5004/3579/8794/10135/57126/4311/1084/6402/968/3934/1604/929/2209/1051/290/7097/2919/3689/9100/1378/6303/338442/2353/383/597/3577/2214/6648/3687/945/6282/6280/3676/22918/6279/8125/54106/2526/2212/116844/683/1178/3557/60675/728/84649/23569/6693/653361/26253/2358/306/6386/7096/5819/1088/4353/10409/1438/2512/7305/5266",77,1.67867359876136e-10,7.99368380362552e-12,1.98
"400","Ionocyte cell","117/3651","284/11351",0.00073956655340556,0.000324371295353316,"5747/4072/3479/2030/1027/10891/3400/596/9451/5898/1848/978/3856/1080/133/7057/10659/9131/54471/4053/60485/334/6598/35/7423/3488/5979/22933/476/51176/10631/8312/114907/54617/90/1182/5515/4249/928/23710/3399/2113/7048/7035/84679/5889/351/538/5245/81606/51100/3778/3855/51280/5965/3875/51363/4646/6383/50484/5768/7857/90427/4804/90780/60682/523/85004/7043/7392/4094/5165/56672/64949/7114/771/91746/80303/1329/9948/6768/10555/90701/6840/140683/1349/2180/53826/79960/5664/6558/11108/10912/950/7411/486/1266/81619/139818/57045/10512/2299/125965/79085/9066/55366/64093/25902/4209/8802/9759/5724/23327/79971/51660/3636/83700",117,0.130163713399378,0.00135587201457686,1.28
"401","FOXN4+ cell","39/3651","78/11351",0.000773321126889338,0.000330249471237147,"1029/983/836/5925/7298/56938/87/8975/10733/4150/81620/2023/51477/91607/3070/8894/144455/10926/29089/4751/3638/226/10728/92104/79019/80349/4069/79733/4616/143903/86/10123/4942/5046/3932/55920/6491/11168/5902",39,0.136104518332523,0.00138044278977127,1.55
"405","Ciliated epithelial cell","58/3651","420/11351",1,0.239234449760766,"6236/5021/1050/55851/216/8828/8844/4052/5915/1356/5199/7161/10721/10242/976/4591/55328/685/11001/2066/79969/3683/55544/345895/9696/1760/6542/92104/92597/23753/79083/2054/22941/728/9358/79838/79848/1287/11148/41/79659/952/7220/23345/8607/65975/91147/11158/8100/53832/124602/8777/2021/10409/10610/55366/7033/54585",58,1,1,0.43
"406","Secretory progenitor cell","48/3651","130/11351",0.141755895960692,0.0414490923861674,"1029/634/54704/9734/133/9636/6564/4913/1890/56938/1121/84525/7052/346389/4059/5783/284217/29760/3110/5152/3687/4584/6279/9407/9052/50506/22909/3352/7498/27429/27348/23345/11254/2145/284656/348/6484/8720/4938/23129/23166/10347/2122/4599/200315/11221/405753/26038",48,1,0.17325720617418,1.15
"407","FGFR1LowNME5- epithelial cell","17/3651","49/11351",0.403810577086656,0.110406172819318,"80312/969/65009/2817/6932/51477/2170/9575/81624/23373/84668/10634/84687/7185/126298/23279/9404",17,1,0.46149780238475,1.08
"408","FGFR1HighNME5- epithelial cell","57/3651","188/11351",0.732124374376627,0.187808323269183,"9510/7412/5159/4313/649/2260/8829/760/7272/1400/10631/8788/8076/7049/55588/4060/1513/2690/9509/3090/10395/55733/50509/252995/91851/55872/5045/7058/25875/2674/64221/1307/55809/55/4239/2200/6777/1399/3931/60681/25890/6857/2619/10154/5046/8835/1308/80317/283383/139818/6586/10392/55142/54510/5118/9903/83700",57,1,0.785038791265186,0.94
"41","Lymphocyte","9/3651","13/11351",0.00675633765323695,0.00242129146134539,"925/920/308/1236/1524/5788/929/914/8809",9,1,0.0101209983084237,2.15
"411","Pit progenitor cell","14/3651","53/11351",0.852631001903063,0.212427530838508,"596/6517/114907/27190/94274/11197/146/4041/219/84870/3911/3779/6722/4973",14,1,0.887947078904965,0.82
"412","Pit cell","6/3651","13/11351",0.212994687752876,0.060189244154822,"57167/4152/9423/51809/340419/5933",6,1,0.251591040567156,1.43
"414","PROCR+ progenitor cell","10/3651","21/11351",0.101841252141184,0.0301975543784088,"6423/3488/2719/4239/57124/51715/9452/10266/5118/4256",10,1,0.126225777301749,1.48
"415","Enterocyte progenitor cell","54/3651","137/11351",0.0429261151995466,0.0132898189472281,"100133941/6513/1020/56667/174/5950/4485/7448/2494/1244/5445/2203/9235/7052/26/58985/23246/1803/10256/7103/57111/483/5646/2705/6280/26499/335/1755/9104/7276/307/339221/733/3426/2938/2650/358/345/337/127845/11148/90701/183/629/248/29948/4640/8431/26232/4224/6370/5476/85406/150684",54,1,0.0555514431994133,1.23
"416","Goblet cell","34/3651","79/11351",0.0272184646001721,0.00866360971155176,"3429/1113/4585/4680/6035/1048/2591/10103/4583/26503/6855/2934/54097/2099/24/377841/3880/25803/727897/7031/55808/79019/10595/79083/6731/388743/192134/3816/8857/8674/83998/2528/9066/54843",34,1,0.0362138885942864,1.34
"417","LGR5+ stem cell","27/3651","59/11351",0.0197291456797769,0.00648985055255819,"1080/5729/2706/9518/2150/51208/7103/2810/6662/6927/2705/8549/11001/2877/10562/255738/9075/2199/10637/84152/83879/127845/5318/27035/6590/80724/130399",27,1,0.0271275753096932,1.42
"418","Enteroendocrine cell","13/3651","47/11351",0.791722218835704,0.200817303445962,"23194/63978/9242/4015/2675/8174/5921/1991/5100/4908/6718/4234/80144",13,1,0.83941632840412,0.86
"419","DCLK1+ progenitor cell","52/3651","98/11351",1.39150840781527e-05,8.02600379417602e-06,"9510/6678/7412/4313/6422/3383/4609/6347/6423/10630/1902/54829/4060/1435/1281/4015/2675/9509/718/3437/1278/10417/2192/1289/1462/115908/7058/4804/1307/1277/85004/5654/113451/84668/5176/7373/1290/91653/10082/1634/8321/710/1295/63895/57758/10409/5118/5602/4599/3433/10418/4256",52,0.00244905479775487,3.35486958596558e-05,1.65
"42","Endothelial progenitor cell","10/3651","10/11351",1.17528121903385e-05,6.8729895849933e-06,"3791/8842/5175/947/3815/5788/1003/7070/2322/79923",10,0.00206849494549958,2.8729096465272e-05,3.11
"420","MKI67+ progenitor cell","66/3651","108/11351",5.1426883559055e-10,7.21780821881474e-10,"3791/983/891/890/5175/947/2321/51203/9212/10403/83540/991/22915/79812/8829/5420/1003/2167/4846/22974/9133/7122/332/26147/843/7035/9787/54443/2149/2078/1879/7450/633/6241/29089/94/1033/10460/8322/9055/2296/22918/5270/9232/4071/259266/7153/2022/9585/3714/1063/83872/2615/23310/3635/11065/51162/57124/3092/10266/399/28984/83483/4288/7075/10203",66,9.05113150639368e-08,3.01704383546456e-09,1.9
"423","Goblet progenitor cell","7/3651","18/11351",0.350551707777666,0.096471058211948,"124220/11227/10406/83998/7922/51606/3171",7,1,0.403249023325943,1.21
"424","Enterocyte","21/3651","56/11351",0.235324493031667,0.0660559980439767,"10232/10644/6564/55599/26/290/10256/5646/51085/118471/8856/53841/137075/2938/9971/343/6476/200958/2980/4640/10553",21,1,0.276114071823823,1.17
"426","Retinoid acid signaling-responsive fetal germ cell","68/3651","216/11351",0.611294528238923,0.160866981115506,"595/2879/4255/10059/81631/1786/100133941/100507436/5950/637/3716/5947/51176/3146/8788/6576/1382/3217/840/4192/10241/5066/6934/2201/972/29089/10810/1033/5993/6400/6495/5080/5270/55872/8428/3426/23753/10076/1363/3202/3419/567/50859/5916/25824/1736/84681/58528/81704/23047/8761/1716/4852/6558/4296/8863/4826/1471/6574/27346/10468/91624/1267/4212/1032/347733/10874/57669",68,1,0.672423981062816,0.98
"429","Migration phase fetal germ cell","54/3651","156/11351",0.280926187658842,0.0778188885481557,"6480/51203/4916/760/10381/1728/10630/2171/3956/5460/1351/7295/2950/29108/6303/2556/63978/5764/10153/1278/55388/3939/9547/9168/144402/8673/9260/84707/51065/10007/7169/29082/7114/2274/1075/952/3028/1349/10398/6129/3033/5269/8803/4696/306/6386/79066/1265/3046/6208/3910/6119/3149/11169",54,1,0.325282954131291,1.08
"430","Gonadal mitotic phase fetal germ cell","134/3651","290/11351",3.08415580341105e-07,2.36107621313764e-07,"4436/2956/3309/1111/581/4313/3815/2316/2202/894/2731/963/80312/4170/1915/4193/170589/5420/10381/35/2232/5037/6423/2118/7494/10630/2065/5328/5460/811/79727/10159/8837/81620/1058/967/7070/928/9644/10577/23710/4605/489/4017/54541/79923/3728/360/5697/6146/2695/2149/309/23612/6154/4758/2170/975/7482/6241/23089/7022/10516/203068/2877/6134/1284/3611/8773/55869/4155/8805/8402/2192/252995/6520/2040/8463/3178/1514/27134/4613/6135/9618/57506/80198/55808/9770/4736/5549/9603/53947/341/7114/6157/83879/1756/9349/9948/6187/6202/1282/408/23401/53826/64782/54845/6129/23608/57673/5362/348/6210/126298/6665/6173/55920/1636/4501/84790/11261/6051/8395/10330/2517/4522/9961/3593/11040/5476/54751/10095/51060/1044",134,5.42811421400344e-05,9.86929857091534e-07,1.44
"432","Leydig precursor cell","108/3651","217/11351",4.2003799118752e-08,3.93018003450311e-08,"3479/285/9510/7431/5159/4313/6591/5727/6387/27303/7474/1915/2159/3624/8829/590/1009/7078/6194/5156/896/9037/3488/123/10631/8788/1382/2006/23213/30846/7070/4747/8643/4017/11167/4659/7035/4192/871/6146/4869/1879/3977/9242/2201/170302/633/1281/6134/10395/3638/6164/5270/1289/6447/3487/3178/64344/813/6137/2022/2719/4811/6125/22871/30008/1277/4736/6136/3075/7169/4239/677/7373/7114/2200/9349/57447/1287/1075/1910/678/6857/53826/1290/6129/6175/6201/6781/1634/1266/1291/6233/1909/22801/6133/6228/54510/6229/6160/6128/6189/800/54751/1937/3428/5954/1292",108,7.39266864490034e-06,1.6428152544223e-07,1.55
"433","Gonadal endothelial cell","216/3651","450/11351",7.52962866321046e-13,1.58518498172852e-12,"4790/595/7157/3791/6935/6480/1786/2335/100133941/4851/7082/5899/7431/3159/7010/3315/5829/7980/11200/10312/5898/284/3815/1848/10644/64423/133/2/10085/9590/10642/801/8407/8829/415116/637/590/8828/11140/7078/302/3397/5327/9619/6711/9021/60/4478/5915/9788/6464/54434/7402/25865/1969/2230/113130/2778/699/332/50807/4123/6624/7070/23194/1601/140576/5366/4086/4017/3399/2990/11167/2113/7048/7035/4192/80853/56655/3728/7518/9181/2149/351/6196/5564/8091/8853/7132/1535/51564/4041/9314/53827/3680/25937/8322/154810/22846/1798/6282/2289/51363/2296/2280/8874/4345/5151/23462/1997/1946/27253/23328/55062/10490/4071/2114/3912/311/3487/5166/153090/2625/9260/9771/112399/2022/1906/4811/115677/22900/4739/4082/3202/2615/90102/3678/55143/7114/83879/10454/2004/4325/4208/29127/9448/11031/135228/3418/11065/51162/57620/10762/10396/8914/1910/408/2050/3987/1948/1290/822/2549/4296/11108/3133/51129/9452/5338/5362/10266/10252/5797/1265/10402/11000/1942/23348/7088/57580/63895/8777/1466/9208/83483/5966/2887/3910/4938/4215/7456/123803/84790/2120/23129/5937/56937/11177/4212/2037/5216/3978/54765/28996/3915/54751/347733/26020/7025/4781/3203/10095/10203/1292/3782/83700",216,1.32521464472504e-10,6.6260732236252e-12,1.49
"439","Lymphoid-primed multipotent progenitor cell","17/3651","75/11351",0.973711562006998,0.237764724869413,"961/8842/947/7226/2885/2113/1879/79148/6279/1809/1025/3931/23569/678/8728/4939/25999",17,1,0.993856549954146,0.7
"441","CD141+CLEC9A+ dendritic cell","41/3651","98/11351",0.0273661771763641,0.00866360971155176,"595/5747/64423/966/23705/87/7052/50807/30844/290/1803/2322/84868/604/3620/5464/4000/958/7056/22918/3119/151888/9260/1776/55809/84440/1727/5291/57447/3398/952/169355/9249/8895/9124/8542/2517/57823/1844/11221/3113",41,1,0.0362138885942864,1.3
"442","CD1C+_A dendritic cell","13/3651","31/11351",0.164656190753601,0.0471625322602509,"374/2205/1235/6606/101/912/945/2114/3678/914/4929/911/5724",13,1,0.197139384847849,1.3
"443","CD1C+_B dendritic cell","30/3651","53/11351",0.000201918565626709,9.14175735717982e-05,"2069/3553/2357/143098/2205/1839/4778/5873/114548/56729/929/301/4000/948/912/9332/6280/6279/1475/1462/683/3557/3176/3678/4069/10903/4929/9466/5724/2162",30,0.0355376675503008,0.000382125457530116,1.76
"444","CD1C-CD141- dendritic cell","132/3651","313/11351",0.000104581095645879,4.89268283723412e-05,"8743/81671/5908/3958/5899/5175/10890/10312/7099/3384/8932/1524/1848/5788/2316/54704/2357/9636/3164/3688/389/26509/2308/10135/637/1890/9839/1445/1028/8844/123/4478/2495/9788/968/7076/10288/6256/58191/1520/6275/240/4673/834/3098/7097/5732/6303/5783/1436/10628/3162/8714/6934/483/57590/597/837/5734/3659/2214/10602/6648/571/7112/5265/11213/4035/3437/7133/6282/3638/51363/3337/4688/409/23328/3683/10938/1843/2212/55454/4048/51411/4082/8764/55601/84668/10645/115362/728/117157/91351/5777/11156/7086/151306/121512/6840/6693/408/3987/4067/5660/10859/57153/10154/3133/8536/6386/22861/81619/64332/9935/65220/51744/64581/4938/2512/10611/7305/5836/3386/7074/2268/200315/3433/3055/23586/2752/8879/8462",132,0.0184062728336748,0.000204514142596386,1.31
"445","AXL+SIGLEC6+ dendritic cell","41/3651","77/11351",9.91432111120393e-05,4.74369431158083e-05,"1026/999/6935/328/860/1524/3579/6614/896/6508/6281/94274/1601/7295/6659/9314/558/10458/22846/6671/7056/22809/7136/921/10397/7392/11343/55/4629/1808/8742/8803/3092/2776/5730/6574/5933/493/5810/11278/11040",41,0.0174492051557189,0.000198286422224079,1.66
"448","Lake et al.Science.Ex1","4/3651","14/11351",0.70784968053885,0.182847834817914,"182/80310/5270/5100",4,1,0.764303949538881,0.89
"449","Lake et al.Science.Ex2","3/3651","10/11351",0.672883273819485,0.174888440238983,"5053/1290/58495",3,1,0.731033680198947,0.93
"451","Lake et al.Science.Ex4","2/3651","13/11351",0.95394683111728,0.234889955338204,"301/1291",2,1,0.981840013313692,0.48
"453","Lake et al.Science.Ex6","11/3651","34/11351",0.555005777628317,0.147902938741723,"28/55079/9037/23213/5152/9723/2690/10395/148281/64919/7410",11,1,0.618234283940404,1.01
"455","Lake et al.Science.Ex8","19/3651","58/11351",0.510783479097518,0.136985177096217,"3082/5175/4052/10631/4249/54795/2674/6238/5618/10076/50859/3987/4929/387357/29119/150/22801/10611/80144",19,1,0.572598040262185,1.02
"458","Lake et al.Science.In3","2/3651","13/11351",0.95394683111728,0.234889955338204,"3488/57580",2,1,0.981840013313692,0.48
"46","Spermatogonial stem cell","7/3651","10/11351",0.0159354828643251,0.00532514047262325,"57167/3400/7345/7070/2261/604/2674",7,1,0.0222590871755652,2.18
"464","1-cell stage cell (Blastomere)","8/3651","45/11351",0.990332375171602,0.239234449760766,"6502/27175/8569/91/2512/8741/1849/8462",8,1,1,0.55
"465","4-cell stage cell (Blastomere)","6/3651","33/11351",0.9769158133072,0.237764724869413,"384/7468/83440/25942/1466/7812",6,1,0.993856549954146,0.57
"466","8-cell stage cell (Blastomere)","5/3651","18/11351",0.735973866811112,0.187808323269183,"1981/56616/3066/10765/1660",5,1,0.785038791265186,0.86
"467","Morula cell (Blastomere)","47/3651","98/11351",0.000776499069246341,0.000330249471237147,"2697/8842/10403/11335/9590/7465/8562/1612/8837/10434/7295/6146/2149/8894/284217/483/9314/6240/10128/9698/1832/6282/3939/6164/51573/6135/2746/5525/131474/9349/51373/586/65008/6144/9255/6129/3945/8895/26263/26135/6233/3843/5557/6170/6139/4973/51060",47,0.136663836187356,0.00138044278977127,1.49
"47","Sertoli cell","170/3651","453/11351",0.00780996438611402,0.00271769095645551,"4072/283/3480/5443/7082/7431/6035/1785/5792/60489/5885/2182/3643/3856/2157/1000/5587/445/10383/6462/23705/7490/7414/7345/3251/216/2232/5037/10678/7018/4131/10105/2896/26227/5052/10630/8467/6508/140628/1525/476/9788/2065/268/8975/10133/6733/4254/2627/5621/1604/6594/9235/6281/2309/9991/1182/2539/6624/23224/2817/2626/116441/51477/6303/9806/50848/3728/6662/3693/481/27293/10057/9588/5464/284217/51571/3570/56950/4591/4824/3099/6385/558/94241/1312/1832/3875/2621/4646/3337/4070/335/2487/3655/2047/1809/2066/1191/6520/23516/23645/4324/51196/8428/10549/84707/115677/8517/5931/4739/3426/55808/25940/2938/2628/1363/7791/3800/10625/3419/291/28965/50846/8450/5165/8454/5176/7832/1605/1756/79838/8440/2623/3909/55737/10912/10154/9760/1992/1824/2339/7803/1471/9289/11000/5730/57580/57662/292/27346/55647/5966/55748/55366/587/7033/1374/64093/8482/4199/493/5104/1280/9961/2317/5476/10653/2770/6760",170,1,0.011359948197984,1.17
"48","Mesenchymal stromal cell","56/3651","61/11351",1.77153215036506e-22,1.49181654767584e-21,"2191/999/960/4684/2064/961/214/7412/7431/5159/5175/3383/947/3673/3815/5788/682/966/3572/3688/7037/8829/4311/3691/1604/4162/929/967/7070/928/290/3672/3689/4267/7132/3977/59/3675/975/976/80381/4907/977/3655/917/6520/1464/3685/4804/2022/3690/3678/567/3566/915/930",56,3.11789658464251e-20,6.23579316928502e-21,2.85
"5","Epithelial cell","65/3651","76/11351",5.9651929632378e-22,4.18610032507916e-21,"3630/1499/4072/999/6480/100133941/214/4582/7082/7412/7431/8842/7010/5175/3383/634/947/1364/3815/2641/5788/9076/3856/1000/3572/100506658/367/9414/4311/3691/10630/929/4843/332/290/780/6606/3854/3570/6441/3880/958/3855/7022/912/8322/1832/354/3875/7056/3655/3853/2526/2348/2022/3554/3861/8626/1756/5076/3868/54361/2319/3858/3848",65,1.04987396152985e-19,1.74978993588309e-20,2.66
"50","Myeloid-derived suppressor cell","33/3651","37/11351",7.50970740650329e-13,1.58518498172852e-12,"4684/100133941/4680/6403/3383/634/1048/2321/3684/3643/963/7037/969/6402/10288/929/4179/3672/27036/975/912/3687/945/3676/3655/2526/3678/3566/10666/10859/2811/1088/51744",33,1.32170850354458e-10,6.6260732236252e-12,2.77
"51","CD4+ T cell","24/3651","26/11351",2.22689667457226e-10,3.6063104041656e-10,"5133/920/1493/6403/6513/5788/6401/939/969/6402/3575/1235/50943/959/940/3559/3604/7293/917/151888/921/914/924/915",24,3.91933814724717e-08,1.50743774894122e-09,2.87
"54","Circulating fetal cell","33/3651","41/11351",2.46685487967121e-10,3.84694718077382e-10,"1499/2152/4318/4684/4323/3159/3725/4088/3371/6401/7037/998/140628/60/968/3575/468/3170/4162/928/5196/50848/6929/56034/945/1278/1381/6404/64081/3726/57817/2019/9126",33,4.34166458822133e-08,1.60802392156346e-09,2.5
"55","Neural progenitor cell","115/3651","171/11351",3.00900177457943e-21,1.80992587944627e-20,"983/5111/891/4684/4851/890/10376/3400/7431/6422/3315/51203/9212/10403/10763/83540/4137/4174/991/4176/10642/4171/8407/10383/4173/4175/9839/4172/6423/7351/26227/123/3280/6657/22974/5864/113130/9133/4085/699/3832/332/9184/11130/10752/29128/57405/4192/9787/6662/56992/3070/27344/3838/2737/6241/55771/29089/6240/51053/1033/7112/10460/9055/6616/3939/1641/9768/5080/1809/50937/8520/9232/259266/7153/63967/55872/11004/4804/51065/55355/79019/1063/150468/10592/83879/4208/51659/11065/862/26586/2670/2596/6857/23421/9833/29028/151648/8320/51512/9289/54478/10615/3148/3835/8543/9493/6119/4288/3149/83461/4760/2237/5954/1602",115,5.29584312325979e-19,7.56549017608541e-20,2.09
"57","Paneth cell","152/3651","313/11351",7.27584242305703e-10,9.28337151267244e-10,"920/3576/4318/7124/3553/3552/3383/5743/3586/7099/3684/1848/5788/2357/7405/7852/963/864/3624/10135/6614/9535/7351/10105/9619/123/27076/10894/114548/968/5328/10288/8767/5199/929/58191/2209/712/55422/834/3627/7409/1601/1051/7097/3689/19/5329/1378/338442/84868/1436/1116/3162/91607/6688/483/10461/597/958/972/2214/5226/6648/3687/2675/945/6446/6351/7133/51561/9332/7128/7056/8660/4688/409/10287/2139/83706/3119/10673/6348/942/22809/3123/1514/2212/1776/5880/10007/9775/1536/51765/2628/3557/114132/8013/4094/5579/4069/115362/1439/5552/728/3635/526/2920/10148/1075/6509/115/653361/1230/1522/4283/79651/7185/10123/4067/10859/54978/4929/10154/8140/2717/3578/4689/9935/30835/64581/10870/397/1794/7456/57192/9308/7305/330/23166/2313/3386/57823/10320/200315/1844/3055/5724/3310/2162/3113/695",152,1.28054826645804e-07,3.88044929229708e-09,1.51
"59","Mesenchymal cell","45/3651","68/11351",8.47665108650462e-09,9.3924111761824e-09,"6935/960/2335/214/7431/4313/3485/6591/5788/7474/1000/6347/3371/9590/7037/3276/9839/5156/7291/4919/8788/3212/6275/7070/3672/3399/4192/27122/3490/59/8061/4907/1278/9260/2022/11021/3678/10174/9948/1075/4616/6840/53826/1909/29107",45,1.49189059122481e-06,3.92602787164424e-08,2.06
"60","Hematopoietic cell","15/3651","19/11351",3.72448409253844e-05,1.98506813726233e-05,"925/920/5175/947/3815/3684/5788/7037/929/7070/931/135228/952/915/930",15,0.00655509200286766,8.29758481375653e-05,2.45
"61","CD8+ T cell","17/3651","22/11351",1.7954197488155e-05,1.00795494670344e-05,"925/920/4684/939/3575/6352/940/3559/943/917/921/914/201633/924/915/6955/926",17,0.00315993875791528,4.21325167722038e-05,2.4
"67","Platelet","36/3651","47/11351",4.78462132836277e-10,6.94681862557208e-10,"7422/7040/6714/961/5175/6403/3916/3384/3673/682/3920/3688/2205/23446/969/6352/959/5155/929/4179/967/928/948/3674/977/3655/3685/2212/2615/3690/135228/10666/6693/2811/8740/83700",36,8.42093353791847e-08,2.90377018548913e-09,2.38
"68","Leukocyte","15/3651","20/11351",0.000104489321953087,4.89268283723412e-05,"7099/1524/5788/969/929/2209/3559/941/958/2214/917/931/952/915/2811",15,0.0183901206637433,0.000204514142596386,2.33
"69","Cytotoxic T cell","23/3651","26/11351",3.86308286096944e-09,4.64731772748204e-09,"925/7124/3458/6403/947/3684/5788/6401/4311/6402/3575/2322/3002/3001/4345/917/921/952/924/348/915/6955/4049",23,6.79902583530622e-07,1.94257881008749e-08,2.75
"71","T helper cell","43/3651","63/11351",4.3131244609834e-09,5.04459001284608e-09,"5133/920/5159/1236/6403/5243/947/5788/1233/6401/356/5156/4311/969/6402/3575/1235/9235/959/3559/1803/2322/3570/4907/29851/4345/917/1843/2833/151888/921/8809/952/1234/643/822/924/348/915/2811/3578/6955/2826",43,7.59109905133078e-07,2.10863862536966e-08,2.12
"73","T helper1 (Th1) cell","24/3651","30/11351",9.40050381618732e-08,8.24605597911168e-08,"920/7124/3458/6772/10663/1437/3558/1235/8600/1803/84868/4055/917/2833/3606/8809/6778/246778/1230/1234/915/30009/6775/4049",24,1.65448867164897e-05,3.44685139926868e-07,2.49
"74","T helper2 (Th2) cell","26/3651","34/11351",1.40373395520665e-07,1.18209175175297e-07,"920/3569/1236/3586/1233/7852/1437/3558/1235/3565/55540/943/7132/6776/29851/3596/917/2833/3567/2625/3554/4094/6778/915/3578/90865",26,2.4705717611637e-05,4.9411435223274e-07,2.38
"75","T helper17 (Th17) cell","25/3651","34/11351",8.8338626432203e-07,6.19920185489144e-07,"6774/920/3569/7124/3553/3552/1233/1235/4162/6364/3605/59067/50616/51561/196/917/2833/3554/4094/6095/952/915/64332/23765/112744",25,0.000155475982520677,2.59126637534462e-06,2.29
"76","Plasmacytoid dendritic cell","132/3651","337/11351",0.00348492459740666,0.00132192493026331,"925/920/5465/27250/3486/1236/860/6513/2081/3684/5788/5034/23657/3925/7184/1508/100506658/8829/2205/55959/8473/9261/7423/4130/6925/6402/5293/50649/29969/444/2590/55768/9022/1633/10577/4605/1601/7045/489/7295/7048/51284/7098/4267/3903/941/4602/351/4855/3002/64766/29760/6239/958/80380/3687/1787/10417/9601/6671/7128/2621/3676/7056/729230/81567/8295/51119/8481/8635/2047/54106/10961/6520/942/2833/23035/112399/6238/91584/23400/9618/9775/23471/1880/5608/3419/10800/3512/7357/7169/5176/1439/126259/9448/5423/27242/28960/90701/23503/653361/27044/81539/6558/10952/2549/950/2529/84174/8140/9709/6574/29927/8728/3708/3998/6484/911/8496/9308/1267/10347/23480/64764/23607/4209/3665/5214/2683/2317/1454/5031",132,0.613346729143571,0.00552564620850064,1.22
"81","Macrophage","57/3651","98/11351",9.30173996544749e-08,8.24605597911168e-08,"3958/1236/3383/3586/7099/3684/5788/963/6347/3920/7037/8826/6614/968/929/2209/967/3627/7045/7097/3689/1436/941/383/5292/958/972/384/53827/2214/3687/945/9332/6282/3676/7056/22918/3683/942/2526/2212/2022/1536/3557/4069/2920/10457/4283/1234/30835/4261/3663/6362/9308/8741/2268/10653",57,1.63710623391876e-05,3.44685139926868e-07,1.81
"90","Pericyte","21/3651","22/11351",6.63492600229798e-10,8.73016579249735e-10,"960/4684/214/5159/5175/947/5788/3688/5156/4311/4162/8788/7070/290/6606/59/4907/5154/1464/4804/2022",21,1.16774697640445e-07,3.64920930126389e-09,2.97
"96","Memory B cell","7/3651","10/11351",0.0159354828643251,0.00532514047262325,"3516/939/5079/7097/51284/7096/930",7,1,0.0222590871755652,2.18
